cell_type;file_name;x;y;row_index
Plexo_Positivo;Plexo_11_12_13_14_pos_20160218_IMS97_1B_pos.imzML;3;6;0
Plexo_Positivo;Plexo_11_12_13_14_pos_20160218_IMS97_1B_pos.imzML;3;10;1
Plexo_Positivo;Plexo_11_12_13_14_pos_20160218_IMS97_1B_pos.imzML;3;50;2
Plexo_Positivo;Plexo_11_12_13_14_pos_20160218_IMS97_1B_pos.imzML;4;8;3
Plexo_Positivo;Plexo_11_12_13_14_pos_20160218_IMS97_1B_pos.imzML;4;10;4
Plexo_Positivo;Plexo_11_12_13_14_pos_20160218_IMS97_1B_pos.imzML;4;11;5
Plexo_Positivo;Plexo_11_12_13_14_pos_20160218_IMS97_1B_pos.imzML;4;48;6
Plexo_Positivo;Plexo_11_12_13_14_pos_20160218_IMS97_1B_pos.imzML;4;69;7
Plexo_Positivo;Plexo_11_12_13_14_pos_20160218_IMS97_1B_pos.imzML;4;70;8
Plexo_Positivo;Plexo_11_12_13_14_pos_20160218_IMS97_1B_pos.imzML;4;73;9
Plexo_Positivo;Plexo_11_12_13_14_pos_20160218_IMS97_1B_pos.imzML;5;5;10
Plexo_Positivo;Plexo_11_12_13_14_pos_20160218_IMS97_1B_pos.imzML;5;6;11
Plexo_Positivo;Plexo_11_12_13_14_pos_20160218_IMS97_1B_pos.imzML;5;7;12
Plexo_Positivo;Plexo_11_12_13_14_pos_20160218_IMS97_1B_pos.imzML;5;8;13
Plexo_Positivo;Plexo_11_12_13_14_pos_20160218_IMS97_1B_pos.imzML;5;10;14
Plexo_Positivo;Plexo_11_12_13_14_pos_20160218_IMS97_1B_pos.imzML;5;11;15
Plexo_Positivo;Plexo_11_12_13_14_pos_20160218_IMS97_1B_pos.imzML;5;12;16
Plexo_Positivo;Plexo_11_12_13_14_pos_20160218_IMS97_1B_pos.imzML;5;47;17
Plexo_Positivo;Plexo_11_12_13_14_pos_20160218_IMS97_1B_pos.imzML;5;48;18
Plexo_Positivo;Plexo_11_12_13_14_pos_20160218_IMS97_1B_pos.imzML;5;50;19
Plexo_Positivo;Plexo_11_12_13_14_pos_20160218_IMS97_1B_pos.imzML;5;52;20
Plexo_Positivo;Plexo_11_12_13_14_pos_20160218_IMS97_1B_pos.imzML;5;64;21
Plexo_Positivo;Plexo_11_12_13_14_pos_20160218_IMS97_1B_pos.imzML;5;67;22
Plexo_Positivo;Plexo_11_12_13_14_pos_20160218_IMS97_1B_pos.imzML;5;68;23
Plexo_Positivo;Plexo_11_12_13_14_pos_20160218_IMS97_1B_pos.imzML;5;69;24
Plexo_Positivo;Plexo_11_12_13_14_pos_20160218_IMS97_1B_pos.imzML;5;71;25
Plexo_Positivo;Plexo_11_12_13_14_pos_20160218_IMS97_1B_pos.imzML;5;72;26
Plexo_Positivo;Plexo_11_12_13_14_pos_20160218_IMS97_1B_pos.imzML;5;73;27
Plexo_Positivo;Plexo_11_12_13_14_pos_20160218_IMS97_1B_pos.imzML;6;3;28
Plexo_Positivo;Plexo_11_12_13_14_pos_20160218_IMS97_1B_pos.imzML;6;4;29
Plexo_Positivo;Plexo_11_12_13_14_pos_20160218_IMS97_1B_pos.imzML;6;6;30
Plexo_Positivo;Plexo_11_12_13_14_pos_20160218_IMS97_1B_pos.imzML;6;9;31
Plexo_Positivo;Plexo_11_12_13_14_pos_20160218_IMS97_1B_pos.imzML;6;11;32
Plexo_Positivo;Plexo_11_12_13_14_pos_20160218_IMS97_1B_pos.imzML;6;50;33
Plexo_Positivo;Plexo_11_12_13_14_pos_20160218_IMS97_1B_pos.imzML;6;51;34
Plexo_Positivo;Plexo_11_12_13_14_pos_20160218_IMS97_1B_pos.imzML;6;52;35
Plexo_Positivo;Plexo_11_12_13_14_pos_20160218_IMS97_1B_pos.imzML;6;53;36
Plexo_Positivo;Plexo_11_12_13_14_pos_20160218_IMS97_1B_pos.imzML;6;65;37
Plexo_Positivo;Plexo_11_12_13_14_pos_20160218_IMS97_1B_pos.imzML;6;67;38
Plexo_Positivo;Plexo_11_12_13_14_pos_20160218_IMS97_1B_pos.imzML;6;68;39
Plexo_Positivo;Plexo_11_12_13_14_pos_20160218_IMS97_1B_pos.imzML;6;69;40
Plexo_Positivo;Plexo_11_12_13_14_pos_20160218_IMS97_1B_pos.imzML;6;74;41
Plexo_Positivo;Plexo_11_12_13_14_pos_20160218_IMS97_1B_pos.imzML;7;3;42
Plexo_Positivo;Plexo_11_12_13_14_pos_20160218_IMS97_1B_pos.imzML;7;5;43
Plexo_Positivo;Plexo_11_12_13_14_pos_20160218_IMS97_1B_pos.imzML;7;11;44
Plexo_Positivo;Plexo_11_12_13_14_pos_20160218_IMS97_1B_pos.imzML;7;13;45
Plexo_Positivo;Plexo_11_12_13_14_pos_20160218_IMS97_1B_pos.imzML;7;44;46
Plexo_Positivo;Plexo_11_12_13_14_pos_20160218_IMS97_1B_pos.imzML;7;45;47
Plexo_Positivo;Plexo_11_12_13_14_pos_20160218_IMS97_1B_pos.imzML;7;50;48
Plexo_Positivo;Plexo_11_12_13_14_pos_20160218_IMS97_1B_pos.imzML;7;52;49
Plexo_Positivo;Plexo_11_12_13_14_pos_20160218_IMS97_1B_pos.imzML;7;53;50
Plexo_Positivo;Plexo_11_12_13_14_pos_20160218_IMS97_1B_pos.imzML;7;54;51
Plexo_Positivo;Plexo_11_12_13_14_pos_20160218_IMS97_1B_pos.imzML;7;65;52
Plexo_Positivo;Plexo_11_12_13_14_pos_20160218_IMS97_1B_pos.imzML;7;68;53
Plexo_Positivo;Plexo_11_12_13_14_pos_20160218_IMS97_1B_pos.imzML;7;69;54
Plexo_Positivo;Plexo_11_12_13_14_pos_20160218_IMS97_1B_pos.imzML;7;73;55
Plexo_Positivo;Plexo_11_12_13_14_pos_20160218_IMS97_1B_pos.imzML;8;6;56
Plexo_Positivo;Plexo_11_12_13_14_pos_20160218_IMS97_1B_pos.imzML;8;7;57
Plexo_Positivo;Plexo_11_12_13_14_pos_20160218_IMS97_1B_pos.imzML;8;9;58
Plexo_Positivo;Plexo_11_12_13_14_pos_20160218_IMS97_1B_pos.imzML;8;10;59
Plexo_Positivo;Plexo_11_12_13_14_pos_20160218_IMS97_1B_pos.imzML;8;11;60
Plexo_Positivo;Plexo_11_12_13_14_pos_20160218_IMS97_1B_pos.imzML;8;13;61
Plexo_Positivo;Plexo_11_12_13_14_pos_20160218_IMS97_1B_pos.imzML;8;14;62
Plexo_Positivo;Plexo_11_12_13_14_pos_20160218_IMS97_1B_pos.imzML;8;45;63
Plexo_Positivo;Plexo_11_12_13_14_pos_20160218_IMS97_1B_pos.imzML;8;46;64
Plexo_Positivo;Plexo_11_12_13_14_pos_20160218_IMS97_1B_pos.imzML;8;52;65
Plexo_Positivo;Plexo_11_12_13_14_pos_20160218_IMS97_1B_pos.imzML;8;54;66
Plexo_Positivo;Plexo_11_12_13_14_pos_20160218_IMS97_1B_pos.imzML;8;56;67
Plexo_Positivo;Plexo_11_12_13_14_pos_20160218_IMS97_1B_pos.imzML;8;67;68
Plexo_Positivo;Plexo_11_12_13_14_pos_20160218_IMS97_1B_pos.imzML;8;68;69
Plexo_Positivo;Plexo_11_12_13_14_pos_20160218_IMS97_1B_pos.imzML;8;69;70
Plexo_Positivo;Plexo_11_12_13_14_pos_20160218_IMS97_1B_pos.imzML;8;70;71
Plexo_Positivo;Plexo_11_12_13_14_pos_20160218_IMS97_1B_pos.imzML;8;74;72
Plexo_Positivo;Plexo_11_12_13_14_pos_20160218_IMS97_1B_pos.imzML;8;75;73
Plexo_Positivo;Plexo_11_12_13_14_pos_20160218_IMS97_1B_pos.imzML;8;76;74
Plexo_Positivo;Plexo_11_12_13_14_pos_20160218_IMS97_1B_pos.imzML;9;7;75
Plexo_Positivo;Plexo_11_12_13_14_pos_20160218_IMS97_1B_pos.imzML;9;10;76
Plexo_Positivo;Plexo_11_12_13_14_pos_20160218_IMS97_1B_pos.imzML;9;43;77
Plexo_Positivo;Plexo_11_12_13_14_pos_20160218_IMS97_1B_pos.imzML;9;46;78
Plexo_Positivo;Plexo_11_12_13_14_pos_20160218_IMS97_1B_pos.imzML;9;47;79
Plexo_Positivo;Plexo_11_12_13_14_pos_20160218_IMS97_1B_pos.imzML;9;50;80
Plexo_Positivo;Plexo_11_12_13_14_pos_20160218_IMS97_1B_pos.imzML;9;52;81
Plexo_Positivo;Plexo_11_12_13_14_pos_20160218_IMS97_1B_pos.imzML;9;65;82
Plexo_Positivo;Plexo_11_12_13_14_pos_20160218_IMS97_1B_pos.imzML;9;68;83
Plexo_Positivo;Plexo_11_12_13_14_pos_20160218_IMS97_1B_pos.imzML;9;69;84
Plexo_Positivo;Plexo_11_12_13_14_pos_20160218_IMS97_1B_pos.imzML;9;75;85
Plexo_Positivo;Plexo_11_12_13_14_pos_20160218_IMS97_1B_pos.imzML;9;76;86
Plexo_Positivo;Plexo_11_12_13_14_pos_20160218_IMS97_1B_pos.imzML;10;1;87
Plexo_Positivo;Plexo_11_12_13_14_pos_20160218_IMS97_1B_pos.imzML;10;2;88
Plexo_Positivo;Plexo_11_12_13_14_pos_20160218_IMS97_1B_pos.imzML;10;3;89
Plexo_Positivo;Plexo_11_12_13_14_pos_20160218_IMS97_1B_pos.imzML;10;4;90
Plexo_Positivo;Plexo_11_12_13_14_pos_20160218_IMS97_1B_pos.imzML;10;6;91
Plexo_Positivo;Plexo_11_12_13_14_pos_20160218_IMS97_1B_pos.imzML;10;8;92
Plexo_Positivo;Plexo_11_12_13_14_pos_20160218_IMS97_1B_pos.imzML;10;13;93
Plexo_Positivo;Plexo_11_12_13_14_pos_20160218_IMS97_1B_pos.imzML;10;41;94
Plexo_Positivo;Plexo_11_12_13_14_pos_20160218_IMS97_1B_pos.imzML;10;45;95
Plexo_Positivo;Plexo_11_12_13_14_pos_20160218_IMS97_1B_pos.imzML;10;46;96
Plexo_Positivo;Plexo_11_12_13_14_pos_20160218_IMS97_1B_pos.imzML;10;47;97
Plexo_Positivo;Plexo_11_12_13_14_pos_20160218_IMS97_1B_pos.imzML;10;48;98
Plexo_Positivo;Plexo_11_12_13_14_pos_20160218_IMS97_1B_pos.imzML;10;49;99
Plexo_Positivo;Plexo_11_12_13_14_pos_20160218_IMS97_1B_pos.imzML;10;51;100
Plexo_Positivo;Plexo_11_12_13_14_pos_20160218_IMS97_1B_pos.imzML;10;53;101
Plexo_Positivo;Plexo_11_12_13_14_pos_20160218_IMS97_1B_pos.imzML;10;64;102
Plexo_Positivo;Plexo_11_12_13_14_pos_20160218_IMS97_1B_pos.imzML;10;66;103
Plexo_Positivo;Plexo_11_12_13_14_pos_20160218_IMS97_1B_pos.imzML;10;67;104
Plexo_Positivo;Plexo_11_12_13_14_pos_20160218_IMS97_1B_pos.imzML;10;69;105
Plexo_Positivo;Plexo_11_12_13_14_pos_20160218_IMS97_1B_pos.imzML;10;74;106
Plexo_Positivo;Plexo_11_12_13_14_pos_20160218_IMS97_1B_pos.imzML;11;1;107
Plexo_Positivo;Plexo_11_12_13_14_pos_20160218_IMS97_1B_pos.imzML;11;3;108
Plexo_Positivo;Plexo_11_12_13_14_pos_20160218_IMS97_1B_pos.imzML;11;4;109
Plexo_Positivo;Plexo_11_12_13_14_pos_20160218_IMS97_1B_pos.imzML;11;7;110
Plexo_Positivo;Plexo_11_12_13_14_pos_20160218_IMS97_1B_pos.imzML;11;10;111
Plexo_Positivo;Plexo_11_12_13_14_pos_20160218_IMS97_1B_pos.imzML;11;12;112
Plexo_Positivo;Plexo_11_12_13_14_pos_20160218_IMS97_1B_pos.imzML;11;15;113
Plexo_Positivo;Plexo_11_12_13_14_pos_20160218_IMS97_1B_pos.imzML;11;49;114
Plexo_Positivo;Plexo_11_12_13_14_pos_20160218_IMS97_1B_pos.imzML;11;50;115
Plexo_Positivo;Plexo_11_12_13_14_pos_20160218_IMS97_1B_pos.imzML;11;51;116
Plexo_Positivo;Plexo_11_12_13_14_pos_20160218_IMS97_1B_pos.imzML;11;52;117
Plexo_Positivo;Plexo_11_12_13_14_pos_20160218_IMS97_1B_pos.imzML;11;53;118
Plexo_Positivo;Plexo_11_12_13_14_pos_20160218_IMS97_1B_pos.imzML;11;54;119
Plexo_Positivo;Plexo_11_12_13_14_pos_20160218_IMS97_1B_pos.imzML;11;64;120
Plexo_Positivo;Plexo_11_12_13_14_pos_20160218_IMS97_1B_pos.imzML;11;66;121
Plexo_Positivo;Plexo_11_12_13_14_pos_20160218_IMS97_1B_pos.imzML;11;67;122
Plexo_Positivo;Plexo_11_12_13_14_pos_20160218_IMS97_1B_pos.imzML;11;70;123
Plexo_Positivo;Plexo_11_12_13_14_pos_20160218_IMS97_1B_pos.imzML;11;71;124
Plexo_Positivo;Plexo_11_12_13_14_pos_20160218_IMS97_1B_pos.imzML;11;72;125
Plexo_Positivo;Plexo_11_12_13_14_pos_20160218_IMS97_1B_pos.imzML;11;73;126
Plexo_Positivo;Plexo_11_12_13_14_pos_20160218_IMS97_1B_pos.imzML;11;74;127
Plexo_Positivo;Plexo_11_12_13_14_pos_20160218_IMS97_1B_pos.imzML;12;2;128
Plexo_Positivo;Plexo_11_12_13_14_pos_20160218_IMS97_1B_pos.imzML;12;3;129
Plexo_Positivo;Plexo_11_12_13_14_pos_20160218_IMS97_1B_pos.imzML;12;7;130
Plexo_Positivo;Plexo_11_12_13_14_pos_20160218_IMS97_1B_pos.imzML;12;9;131
Plexo_Positivo;Plexo_11_12_13_14_pos_20160218_IMS97_1B_pos.imzML;12;10;132
Plexo_Positivo;Plexo_11_12_13_14_pos_20160218_IMS97_1B_pos.imzML;12;11;133
Plexo_Positivo;Plexo_11_12_13_14_pos_20160218_IMS97_1B_pos.imzML;12;12;134
Plexo_Positivo;Plexo_11_12_13_14_pos_20160218_IMS97_1B_pos.imzML;12;13;135
Plexo_Positivo;Plexo_11_12_13_14_pos_20160218_IMS97_1B_pos.imzML;12;15;136
Plexo_Positivo;Plexo_11_12_13_14_pos_20160218_IMS97_1B_pos.imzML;12;42;137
Plexo_Positivo;Plexo_11_12_13_14_pos_20160218_IMS97_1B_pos.imzML;12;44;138
Plexo_Positivo;Plexo_11_12_13_14_pos_20160218_IMS97_1B_pos.imzML;12;45;139
Plexo_Positivo;Plexo_11_12_13_14_pos_20160218_IMS97_1B_pos.imzML;12;46;140
Plexo_Positivo;Plexo_11_12_13_14_pos_20160218_IMS97_1B_pos.imzML;12;47;141
Plexo_Positivo;Plexo_11_12_13_14_pos_20160218_IMS97_1B_pos.imzML;12;49;142
Plexo_Positivo;Plexo_11_12_13_14_pos_20160218_IMS97_1B_pos.imzML;12;51;143
Plexo_Positivo;Plexo_11_12_13_14_pos_20160218_IMS97_1B_pos.imzML;12;53;144
Plexo_Positivo;Plexo_11_12_13_14_pos_20160218_IMS97_1B_pos.imzML;12;54;145
Plexo_Positivo;Plexo_11_12_13_14_pos_20160218_IMS97_1B_pos.imzML;12;56;146
Plexo_Positivo;Plexo_11_12_13_14_pos_20160218_IMS97_1B_pos.imzML;12;64;147
Plexo_Positivo;Plexo_11_12_13_14_pos_20160218_IMS97_1B_pos.imzML;12;65;148
Plexo_Positivo;Plexo_11_12_13_14_pos_20160218_IMS97_1B_pos.imzML;12;67;149
Plexo_Positivo;Plexo_11_12_13_14_pos_20160218_IMS97_1B_pos.imzML;12;68;150
Plexo_Positivo;Plexo_11_12_13_14_pos_20160218_IMS97_1B_pos.imzML;12;69;151
Plexo_Positivo;Plexo_11_12_13_14_pos_20160218_IMS97_1B_pos.imzML;12;71;152
Plexo_Positivo;Plexo_11_12_13_14_pos_20160218_IMS97_1B_pos.imzML;12;74;153
Plexo_Positivo;Plexo_11_12_13_14_pos_20160218_IMS97_1B_pos.imzML;13;5;154
Plexo_Positivo;Plexo_11_12_13_14_pos_20160218_IMS97_1B_pos.imzML;13;10;155
Plexo_Positivo;Plexo_11_12_13_14_pos_20160218_IMS97_1B_pos.imzML;13;11;156
Plexo_Positivo;Plexo_11_12_13_14_pos_20160218_IMS97_1B_pos.imzML;13;12;157
Plexo_Positivo;Plexo_11_12_13_14_pos_20160218_IMS97_1B_pos.imzML;13;13;158
Plexo_Positivo;Plexo_11_12_13_14_pos_20160218_IMS97_1B_pos.imzML;13;44;159
Plexo_Positivo;Plexo_11_12_13_14_pos_20160218_IMS97_1B_pos.imzML;13;50;160
Plexo_Positivo;Plexo_11_12_13_14_pos_20160218_IMS97_1B_pos.imzML;13;53;161
Plexo_Positivo;Plexo_11_12_13_14_pos_20160218_IMS97_1B_pos.imzML;13;57;162
Plexo_Positivo;Plexo_11_12_13_14_pos_20160218_IMS97_1B_pos.imzML;13;65;163
Plexo_Positivo;Plexo_11_12_13_14_pos_20160218_IMS97_1B_pos.imzML;13;66;164
Plexo_Positivo;Plexo_11_12_13_14_pos_20160218_IMS97_1B_pos.imzML;13;67;165
Plexo_Positivo;Plexo_11_12_13_14_pos_20160218_IMS97_1B_pos.imzML;13;68;166
Plexo_Positivo;Plexo_11_12_13_14_pos_20160218_IMS97_1B_pos.imzML;13;69;167
Plexo_Positivo;Plexo_11_12_13_14_pos_20160218_IMS97_1B_pos.imzML;13;70;168
Plexo_Positivo;Plexo_11_12_13_14_pos_20160218_IMS97_1B_pos.imzML;13;71;169
Plexo_Positivo;Plexo_11_12_13_14_pos_20160218_IMS97_1B_pos.imzML;14;3;170
Plexo_Positivo;Plexo_11_12_13_14_pos_20160218_IMS97_1B_pos.imzML;14;4;171
Plexo_Positivo;Plexo_11_12_13_14_pos_20160218_IMS97_1B_pos.imzML;14;5;172
Plexo_Positivo;Plexo_11_12_13_14_pos_20160218_IMS97_1B_pos.imzML;14;6;173
Plexo_Positivo;Plexo_11_12_13_14_pos_20160218_IMS97_1B_pos.imzML;14;7;174
Plexo_Positivo;Plexo_11_12_13_14_pos_20160218_IMS97_1B_pos.imzML;14;10;175
Plexo_Positivo;Plexo_11_12_13_14_pos_20160218_IMS97_1B_pos.imzML;14;11;176
Plexo_Positivo;Plexo_11_12_13_14_pos_20160218_IMS97_1B_pos.imzML;14;13;177
Plexo_Positivo;Plexo_11_12_13_14_pos_20160218_IMS97_1B_pos.imzML;14;14;178
Plexo_Positivo;Plexo_11_12_13_14_pos_20160218_IMS97_1B_pos.imzML;14;49;179
Plexo_Positivo;Plexo_11_12_13_14_pos_20160218_IMS97_1B_pos.imzML;14;50;180
Plexo_Positivo;Plexo_11_12_13_14_pos_20160218_IMS97_1B_pos.imzML;14;51;181
Plexo_Positivo;Plexo_11_12_13_14_pos_20160218_IMS97_1B_pos.imzML;14;52;182
Plexo_Positivo;Plexo_11_12_13_14_pos_20160218_IMS97_1B_pos.imzML;14;57;183
Plexo_Positivo;Plexo_11_12_13_14_pos_20160218_IMS97_1B_pos.imzML;14;67;184
Plexo_Positivo;Plexo_11_12_13_14_pos_20160218_IMS97_1B_pos.imzML;14;70;185
Plexo_Positivo;Plexo_11_12_13_14_pos_20160218_IMS97_1B_pos.imzML;14;72;186
Plexo_Positivo;Plexo_11_12_13_14_pos_20160218_IMS97_1B_pos.imzML;14;73;187
Plexo_Positivo;Plexo_11_12_13_14_pos_20160218_IMS97_1B_pos.imzML;15;6;188
Plexo_Positivo;Plexo_11_12_13_14_pos_20160218_IMS97_1B_pos.imzML;15;10;189
Plexo_Positivo;Plexo_11_12_13_14_pos_20160218_IMS97_1B_pos.imzML;15;11;190
Plexo_Positivo;Plexo_11_12_13_14_pos_20160218_IMS97_1B_pos.imzML;15;12;191
Plexo_Positivo;Plexo_11_12_13_14_pos_20160218_IMS97_1B_pos.imzML;15;14;192
Plexo_Positivo;Plexo_11_12_13_14_pos_20160218_IMS97_1B_pos.imzML;15;15;193
Plexo_Positivo;Plexo_11_12_13_14_pos_20160218_IMS97_1B_pos.imzML;15;45;194
Plexo_Positivo;Plexo_11_12_13_14_pos_20160218_IMS97_1B_pos.imzML;15;46;195
Plexo_Positivo;Plexo_11_12_13_14_pos_20160218_IMS97_1B_pos.imzML;15;50;196
Plexo_Positivo;Plexo_11_12_13_14_pos_20160218_IMS97_1B_pos.imzML;15;66;197
Plexo_Positivo;Plexo_11_12_13_14_pos_20160218_IMS97_1B_pos.imzML;15;69;198
Plexo_Positivo;Plexo_11_12_13_14_pos_20160218_IMS97_1B_pos.imzML;15;70;199
Plexo_Positivo;Plexo_11_12_13_14_pos_20160218_IMS97_1B_pos.imzML;16;2;200
Plexo_Positivo;Plexo_11_12_13_14_pos_20160218_IMS97_1B_pos.imzML;16;3;201
Plexo_Positivo;Plexo_11_12_13_14_pos_20160218_IMS97_1B_pos.imzML;16;4;202
Plexo_Positivo;Plexo_11_12_13_14_pos_20160218_IMS97_1B_pos.imzML;16;6;203
Plexo_Positivo;Plexo_11_12_13_14_pos_20160218_IMS97_1B_pos.imzML;16;9;204
Plexo_Positivo;Plexo_11_12_13_14_pos_20160218_IMS97_1B_pos.imzML;16;11;205
Plexo_Positivo;Plexo_11_12_13_14_pos_20160218_IMS97_1B_pos.imzML;16;12;206
Plexo_Positivo;Plexo_11_12_13_14_pos_20160218_IMS97_1B_pos.imzML;16;13;207
Plexo_Positivo;Plexo_11_12_13_14_pos_20160218_IMS97_1B_pos.imzML;16;15;208
Plexo_Positivo;Plexo_11_12_13_14_pos_20160218_IMS97_1B_pos.imzML;16;46;209
Plexo_Positivo;Plexo_11_12_13_14_pos_20160218_IMS97_1B_pos.imzML;16;48;210
Plexo_Positivo;Plexo_11_12_13_14_pos_20160218_IMS97_1B_pos.imzML;16;50;211
Plexo_Positivo;Plexo_11_12_13_14_pos_20160218_IMS97_1B_pos.imzML;16;52;212
Plexo_Positivo;Plexo_11_12_13_14_pos_20160218_IMS97_1B_pos.imzML;16;53;213
Plexo_Positivo;Plexo_11_12_13_14_pos_20160218_IMS97_1B_pos.imzML;16;54;214
Plexo_Positivo;Plexo_11_12_13_14_pos_20160218_IMS97_1B_pos.imzML;17;5;215
Plexo_Positivo;Plexo_11_12_13_14_pos_20160218_IMS97_1B_pos.imzML;17;7;216
Plexo_Positivo;Plexo_11_12_13_14_pos_20160218_IMS97_1B_pos.imzML;17;10;217
Plexo_Positivo;Plexo_11_12_13_14_pos_20160218_IMS97_1B_pos.imzML;17;13;218
Plexo_Positivo;Plexo_11_12_13_14_pos_20160218_IMS97_1B_pos.imzML;17;47;219
Plexo_Positivo;Plexo_11_12_13_14_pos_20160218_IMS97_1B_pos.imzML;17;48;220
Plexo_Positivo;Plexo_11_12_13_14_pos_20160218_IMS97_1B_pos.imzML;17;49;221
Plexo_Positivo;Plexo_11_12_13_14_pos_20160218_IMS97_1B_pos.imzML;17;50;222
Plexo_Positivo;Plexo_11_12_13_14_pos_20160218_IMS97_1B_pos.imzML;17;53;223
Plexo_Positivo;Plexo_11_12_13_14_pos_20160218_IMS97_1B_pos.imzML;17;54;224
Plexo_Positivo;Plexo_11_12_13_14_pos_20160218_IMS97_1B_pos.imzML;18;4;225
Plexo_Positivo;Plexo_11_12_13_14_pos_20160218_IMS97_1B_pos.imzML;18;5;226
Plexo_Positivo;Plexo_11_12_13_14_pos_20160218_IMS97_1B_pos.imzML;18;8;227
Plexo_Positivo;Plexo_11_12_13_14_pos_20160218_IMS97_1B_pos.imzML;18;9;228
Plexo_Positivo;Plexo_11_12_13_14_pos_20160218_IMS97_1B_pos.imzML;18;10;229
Plexo_Positivo;Plexo_11_12_13_14_pos_20160218_IMS97_1B_pos.imzML;18;11;230
Plexo_Positivo;Plexo_11_12_13_14_pos_20160218_IMS97_1B_pos.imzML;18;50;231
Plexo_Positivo;Plexo_1_2_3_4_5_6_7_8_9_10_pos_20160218_IMS97_1A_pos.imzML;1;126;232
Plexo_Positivo;Plexo_1_2_3_4_5_6_7_8_9_10_pos_20160218_IMS97_1A_pos.imzML;1;129;233
Plexo_Positivo;Plexo_1_2_3_4_5_6_7_8_9_10_pos_20160218_IMS97_1A_pos.imzML;1;130;234
Plexo_Positivo;Plexo_1_2_3_4_5_6_7_8_9_10_pos_20160218_IMS97_1A_pos.imzML;1;135;235
Plexo_Positivo;Plexo_1_2_3_4_5_6_7_8_9_10_pos_20160218_IMS97_1A_pos.imzML;1;136;236
Plexo_Positivo;Plexo_1_2_3_4_5_6_7_8_9_10_pos_20160218_IMS97_1A_pos.imzML;1;137;237
Plexo_Positivo;Plexo_1_2_3_4_5_6_7_8_9_10_pos_20160218_IMS97_1A_pos.imzML;1;141;238
Plexo_Positivo;Plexo_1_2_3_4_5_6_7_8_9_10_pos_20160218_IMS97_1A_pos.imzML;1;142;239
Plexo_Positivo;Plexo_1_2_3_4_5_6_7_8_9_10_pos_20160218_IMS97_1A_pos.imzML;1;144;240
Plexo_Positivo;Plexo_1_2_3_4_5_6_7_8_9_10_pos_20160218_IMS97_1A_pos.imzML;1;146;241
Plexo_Positivo;Plexo_1_2_3_4_5_6_7_8_9_10_pos_20160218_IMS97_1A_pos.imzML;1;147;242
Plexo_Positivo;Plexo_1_2_3_4_5_6_7_8_9_10_pos_20160218_IMS97_1A_pos.imzML;1;148;243
Plexo_Positivo;Plexo_1_2_3_4_5_6_7_8_9_10_pos_20160218_IMS97_1A_pos.imzML;1;149;244
Plexo_Positivo;Plexo_1_2_3_4_5_6_7_8_9_10_pos_20160218_IMS97_1A_pos.imzML;1;157;245
Plexo_Positivo;Plexo_1_2_3_4_5_6_7_8_9_10_pos_20160218_IMS97_1A_pos.imzML;1;159;246
Plexo_Positivo;Plexo_1_2_3_4_5_6_7_8_9_10_pos_20160218_IMS97_1A_pos.imzML;1;161;247
Plexo_Positivo;Plexo_1_2_3_4_5_6_7_8_9_10_pos_20160218_IMS97_1A_pos.imzML;1;165;248
Plexo_Positivo;Plexo_1_2_3_4_5_6_7_8_9_10_pos_20160218_IMS97_1A_pos.imzML;1;169;249
Plexo_Positivo;Plexo_1_2_3_4_5_6_7_8_9_10_pos_20160218_IMS97_1A_pos.imzML;1;170;250
Plexo_Positivo;Plexo_1_2_3_4_5_6_7_8_9_10_pos_20160218_IMS97_1A_pos.imzML;1;171;251
Plexo_Positivo;Plexo_1_2_3_4_5_6_7_8_9_10_pos_20160218_IMS97_1A_pos.imzML;1;173;252
Plexo_Positivo;Plexo_1_2_3_4_5_6_7_8_9_10_pos_20160218_IMS97_1A_pos.imzML;1;175;253
Plexo_Positivo;Plexo_1_2_3_4_5_6_7_8_9_10_pos_20160218_IMS97_1A_pos.imzML;1;178;254
Plexo_Positivo;Plexo_1_2_3_4_5_6_7_8_9_10_pos_20160218_IMS97_1A_pos.imzML;1;179;255
Plexo_Positivo;Plexo_1_2_3_4_5_6_7_8_9_10_pos_20160218_IMS97_1A_pos.imzML;1;184;256
Plexo_Positivo;Plexo_1_2_3_4_5_6_7_8_9_10_pos_20160218_IMS97_1A_pos.imzML;1;186;257
Plexo_Positivo;Plexo_1_2_3_4_5_6_7_8_9_10_pos_20160218_IMS97_1A_pos.imzML;1;190;258
Plexo_Positivo;Plexo_1_2_3_4_5_6_7_8_9_10_pos_20160218_IMS97_1A_pos.imzML;1;193;259
Plexo_Positivo;Plexo_1_2_3_4_5_6_7_8_9_10_pos_20160218_IMS97_1A_pos.imzML;1;195;260
Plexo_Positivo;Plexo_1_2_3_4_5_6_7_8_9_10_pos_20160218_IMS97_1A_pos.imzML;1;199;261
Plexo_Positivo;Plexo_1_2_3_4_5_6_7_8_9_10_pos_20160218_IMS97_1A_pos.imzML;1;200;262
Plexo_Positivo;Plexo_1_2_3_4_5_6_7_8_9_10_pos_20160218_IMS97_1A_pos.imzML;1;205;263
Plexo_Positivo;Plexo_1_2_3_4_5_6_7_8_9_10_pos_20160218_IMS97_1A_pos.imzML;1;206;264
Plexo_Positivo;Plexo_1_2_3_4_5_6_7_8_9_10_pos_20160218_IMS97_1A_pos.imzML;1;209;265
Plexo_Positivo;Plexo_1_2_3_4_5_6_7_8_9_10_pos_20160218_IMS97_1A_pos.imzML;2;127;266
Plexo_Positivo;Plexo_1_2_3_4_5_6_7_8_9_10_pos_20160218_IMS97_1A_pos.imzML;2;128;267
Plexo_Positivo;Plexo_1_2_3_4_5_6_7_8_9_10_pos_20160218_IMS97_1A_pos.imzML;2;131;268
Plexo_Positivo;Plexo_1_2_3_4_5_6_7_8_9_10_pos_20160218_IMS97_1A_pos.imzML;2;132;269
Plexo_Positivo;Plexo_1_2_3_4_5_6_7_8_9_10_pos_20160218_IMS97_1A_pos.imzML;2;134;270
Plexo_Positivo;Plexo_1_2_3_4_5_6_7_8_9_10_pos_20160218_IMS97_1A_pos.imzML;2;135;271
Plexo_Positivo;Plexo_1_2_3_4_5_6_7_8_9_10_pos_20160218_IMS97_1A_pos.imzML;2;136;272
Plexo_Positivo;Plexo_1_2_3_4_5_6_7_8_9_10_pos_20160218_IMS97_1A_pos.imzML;2;138;273
Plexo_Positivo;Plexo_1_2_3_4_5_6_7_8_9_10_pos_20160218_IMS97_1A_pos.imzML;2;139;274
Plexo_Positivo;Plexo_1_2_3_4_5_6_7_8_9_10_pos_20160218_IMS97_1A_pos.imzML;2;140;275
Plexo_Positivo;Plexo_1_2_3_4_5_6_7_8_9_10_pos_20160218_IMS97_1A_pos.imzML;2;141;276
Plexo_Positivo;Plexo_1_2_3_4_5_6_7_8_9_10_pos_20160218_IMS97_1A_pos.imzML;2;146;277
Plexo_Positivo;Plexo_1_2_3_4_5_6_7_8_9_10_pos_20160218_IMS97_1A_pos.imzML;2;147;278
Plexo_Positivo;Plexo_1_2_3_4_5_6_7_8_9_10_pos_20160218_IMS97_1A_pos.imzML;2;148;279
Plexo_Positivo;Plexo_1_2_3_4_5_6_7_8_9_10_pos_20160218_IMS97_1A_pos.imzML;2;149;280
Plexo_Positivo;Plexo_1_2_3_4_5_6_7_8_9_10_pos_20160218_IMS97_1A_pos.imzML;2;151;281
Plexo_Positivo;Plexo_1_2_3_4_5_6_7_8_9_10_pos_20160218_IMS97_1A_pos.imzML;2;152;282
Plexo_Positivo;Plexo_1_2_3_4_5_6_7_8_9_10_pos_20160218_IMS97_1A_pos.imzML;2;153;283
Plexo_Positivo;Plexo_1_2_3_4_5_6_7_8_9_10_pos_20160218_IMS97_1A_pos.imzML;2;154;284
Plexo_Positivo;Plexo_1_2_3_4_5_6_7_8_9_10_pos_20160218_IMS97_1A_pos.imzML;2;156;285
Plexo_Positivo;Plexo_1_2_3_4_5_6_7_8_9_10_pos_20160218_IMS97_1A_pos.imzML;2;157;286
Plexo_Positivo;Plexo_1_2_3_4_5_6_7_8_9_10_pos_20160218_IMS97_1A_pos.imzML;2;159;287
Plexo_Positivo;Plexo_1_2_3_4_5_6_7_8_9_10_pos_20160218_IMS97_1A_pos.imzML;2;160;288
Plexo_Positivo;Plexo_1_2_3_4_5_6_7_8_9_10_pos_20160218_IMS97_1A_pos.imzML;2;162;289
Plexo_Positivo;Plexo_1_2_3_4_5_6_7_8_9_10_pos_20160218_IMS97_1A_pos.imzML;2;163;290
Plexo_Positivo;Plexo_1_2_3_4_5_6_7_8_9_10_pos_20160218_IMS97_1A_pos.imzML;2;165;291
Plexo_Positivo;Plexo_1_2_3_4_5_6_7_8_9_10_pos_20160218_IMS97_1A_pos.imzML;2;166;292
Plexo_Positivo;Plexo_1_2_3_4_5_6_7_8_9_10_pos_20160218_IMS97_1A_pos.imzML;2;170;293
Plexo_Positivo;Plexo_1_2_3_4_5_6_7_8_9_10_pos_20160218_IMS97_1A_pos.imzML;2;171;294
Plexo_Positivo;Plexo_1_2_3_4_5_6_7_8_9_10_pos_20160218_IMS97_1A_pos.imzML;2;173;295
Plexo_Positivo;Plexo_1_2_3_4_5_6_7_8_9_10_pos_20160218_IMS97_1A_pos.imzML;2;175;296
Plexo_Positivo;Plexo_1_2_3_4_5_6_7_8_9_10_pos_20160218_IMS97_1A_pos.imzML;2;176;297
Plexo_Positivo;Plexo_1_2_3_4_5_6_7_8_9_10_pos_20160218_IMS97_1A_pos.imzML;2;179;298
Plexo_Positivo;Plexo_1_2_3_4_5_6_7_8_9_10_pos_20160218_IMS97_1A_pos.imzML;2;180;299
Plexo_Positivo;Plexo_1_2_3_4_5_6_7_8_9_10_pos_20160218_IMS97_1A_pos.imzML;2;185;300
Plexo_Positivo;Plexo_1_2_3_4_5_6_7_8_9_10_pos_20160218_IMS97_1A_pos.imzML;2;186;301
Plexo_Positivo;Plexo_1_2_3_4_5_6_7_8_9_10_pos_20160218_IMS97_1A_pos.imzML;2;187;302
Plexo_Positivo;Plexo_1_2_3_4_5_6_7_8_9_10_pos_20160218_IMS97_1A_pos.imzML;2;188;303
Plexo_Positivo;Plexo_1_2_3_4_5_6_7_8_9_10_pos_20160218_IMS97_1A_pos.imzML;2;190;304
Plexo_Positivo;Plexo_1_2_3_4_5_6_7_8_9_10_pos_20160218_IMS97_1A_pos.imzML;2;193;305
Plexo_Positivo;Plexo_1_2_3_4_5_6_7_8_9_10_pos_20160218_IMS97_1A_pos.imzML;2;194;306
Plexo_Positivo;Plexo_1_2_3_4_5_6_7_8_9_10_pos_20160218_IMS97_1A_pos.imzML;2;195;307
Plexo_Positivo;Plexo_1_2_3_4_5_6_7_8_9_10_pos_20160218_IMS97_1A_pos.imzML;2;196;308
Plexo_Positivo;Plexo_1_2_3_4_5_6_7_8_9_10_pos_20160218_IMS97_1A_pos.imzML;2;197;309
Plexo_Positivo;Plexo_1_2_3_4_5_6_7_8_9_10_pos_20160218_IMS97_1A_pos.imzML;2;198;310
Plexo_Positivo;Plexo_1_2_3_4_5_6_7_8_9_10_pos_20160218_IMS97_1A_pos.imzML;2;203;311
Plexo_Positivo;Plexo_1_2_3_4_5_6_7_8_9_10_pos_20160218_IMS97_1A_pos.imzML;2;208;312
Plexo_Positivo;Plexo_1_2_3_4_5_6_7_8_9_10_pos_20160218_IMS97_1A_pos.imzML;2;209;313
Plexo_Positivo;Plexo_1_2_3_4_5_6_7_8_9_10_pos_20160218_IMS97_1A_pos.imzML;3;129;314
Plexo_Positivo;Plexo_1_2_3_4_5_6_7_8_9_10_pos_20160218_IMS97_1A_pos.imzML;3;131;315
Plexo_Positivo;Plexo_1_2_3_4_5_6_7_8_9_10_pos_20160218_IMS97_1A_pos.imzML;3;135;316
Plexo_Positivo;Plexo_1_2_3_4_5_6_7_8_9_10_pos_20160218_IMS97_1A_pos.imzML;3;142;317
Plexo_Positivo;Plexo_1_2_3_4_5_6_7_8_9_10_pos_20160218_IMS97_1A_pos.imzML;3;144;318
Plexo_Positivo;Plexo_1_2_3_4_5_6_7_8_9_10_pos_20160218_IMS97_1A_pos.imzML;3;145;319
Plexo_Positivo;Plexo_1_2_3_4_5_6_7_8_9_10_pos_20160218_IMS97_1A_pos.imzML;3;147;320
Plexo_Positivo;Plexo_1_2_3_4_5_6_7_8_9_10_pos_20160218_IMS97_1A_pos.imzML;3;148;321
Plexo_Positivo;Plexo_1_2_3_4_5_6_7_8_9_10_pos_20160218_IMS97_1A_pos.imzML;3;149;322
Plexo_Positivo;Plexo_1_2_3_4_5_6_7_8_9_10_pos_20160218_IMS97_1A_pos.imzML;3;152;323
Plexo_Positivo;Plexo_1_2_3_4_5_6_7_8_9_10_pos_20160218_IMS97_1A_pos.imzML;3;157;324
Plexo_Positivo;Plexo_1_2_3_4_5_6_7_8_9_10_pos_20160218_IMS97_1A_pos.imzML;3;158;325
Plexo_Positivo;Plexo_1_2_3_4_5_6_7_8_9_10_pos_20160218_IMS97_1A_pos.imzML;3;159;326
Plexo_Positivo;Plexo_1_2_3_4_5_6_7_8_9_10_pos_20160218_IMS97_1A_pos.imzML;3;161;327
Plexo_Positivo;Plexo_1_2_3_4_5_6_7_8_9_10_pos_20160218_IMS97_1A_pos.imzML;3;162;328
Plexo_Positivo;Plexo_1_2_3_4_5_6_7_8_9_10_pos_20160218_IMS97_1A_pos.imzML;3;163;329
Plexo_Positivo;Plexo_1_2_3_4_5_6_7_8_9_10_pos_20160218_IMS97_1A_pos.imzML;3;164;330
Plexo_Positivo;Plexo_1_2_3_4_5_6_7_8_9_10_pos_20160218_IMS97_1A_pos.imzML;3;165;331
Plexo_Positivo;Plexo_1_2_3_4_5_6_7_8_9_10_pos_20160218_IMS97_1A_pos.imzML;3;167;332
Plexo_Positivo;Plexo_1_2_3_4_5_6_7_8_9_10_pos_20160218_IMS97_1A_pos.imzML;3;173;333
Plexo_Positivo;Plexo_1_2_3_4_5_6_7_8_9_10_pos_20160218_IMS97_1A_pos.imzML;3;174;334
Plexo_Positivo;Plexo_1_2_3_4_5_6_7_8_9_10_pos_20160218_IMS97_1A_pos.imzML;3;177;335
Plexo_Positivo;Plexo_1_2_3_4_5_6_7_8_9_10_pos_20160218_IMS97_1A_pos.imzML;3;178;336
Plexo_Positivo;Plexo_1_2_3_4_5_6_7_8_9_10_pos_20160218_IMS97_1A_pos.imzML;3;182;337
Plexo_Positivo;Plexo_1_2_3_4_5_6_7_8_9_10_pos_20160218_IMS97_1A_pos.imzML;3;185;338
Plexo_Positivo;Plexo_1_2_3_4_5_6_7_8_9_10_pos_20160218_IMS97_1A_pos.imzML;3;186;339
Plexo_Positivo;Plexo_1_2_3_4_5_6_7_8_9_10_pos_20160218_IMS97_1A_pos.imzML;3;187;340
Plexo_Positivo;Plexo_1_2_3_4_5_6_7_8_9_10_pos_20160218_IMS97_1A_pos.imzML;3;188;341
Plexo_Positivo;Plexo_1_2_3_4_5_6_7_8_9_10_pos_20160218_IMS97_1A_pos.imzML;3;189;342
Plexo_Positivo;Plexo_1_2_3_4_5_6_7_8_9_10_pos_20160218_IMS97_1A_pos.imzML;3;190;343
Plexo_Positivo;Plexo_1_2_3_4_5_6_7_8_9_10_pos_20160218_IMS97_1A_pos.imzML;3;191;344
Plexo_Positivo;Plexo_1_2_3_4_5_6_7_8_9_10_pos_20160218_IMS97_1A_pos.imzML;3;195;345
Plexo_Positivo;Plexo_1_2_3_4_5_6_7_8_9_10_pos_20160218_IMS97_1A_pos.imzML;3;198;346
Plexo_Positivo;Plexo_1_2_3_4_5_6_7_8_9_10_pos_20160218_IMS97_1A_pos.imzML;3;199;347
Plexo_Positivo;Plexo_1_2_3_4_5_6_7_8_9_10_pos_20160218_IMS97_1A_pos.imzML;3;200;348
Plexo_Positivo;Plexo_1_2_3_4_5_6_7_8_9_10_pos_20160218_IMS97_1A_pos.imzML;3;201;349
Plexo_Positivo;Plexo_1_2_3_4_5_6_7_8_9_10_pos_20160218_IMS97_1A_pos.imzML;3;202;350
Plexo_Positivo;Plexo_1_2_3_4_5_6_7_8_9_10_pos_20160218_IMS97_1A_pos.imzML;3;203;351
Plexo_Positivo;Plexo_1_2_3_4_5_6_7_8_9_10_pos_20160218_IMS97_1A_pos.imzML;3;204;352
Plexo_Positivo;Plexo_1_2_3_4_5_6_7_8_9_10_pos_20160218_IMS97_1A_pos.imzML;3;205;353
Plexo_Positivo;Plexo_1_2_3_4_5_6_7_8_9_10_pos_20160218_IMS97_1A_pos.imzML;3;209;354
Plexo_Positivo;Plexo_1_2_3_4_5_6_7_8_9_10_pos_20160218_IMS97_1A_pos.imzML;4;126;355
Plexo_Positivo;Plexo_1_2_3_4_5_6_7_8_9_10_pos_20160218_IMS97_1A_pos.imzML;4;128;356
Plexo_Positivo;Plexo_1_2_3_4_5_6_7_8_9_10_pos_20160218_IMS97_1A_pos.imzML;4;130;357
Plexo_Positivo;Plexo_1_2_3_4_5_6_7_8_9_10_pos_20160218_IMS97_1A_pos.imzML;4;134;358
Plexo_Positivo;Plexo_1_2_3_4_5_6_7_8_9_10_pos_20160218_IMS97_1A_pos.imzML;4;135;359
Plexo_Positivo;Plexo_1_2_3_4_5_6_7_8_9_10_pos_20160218_IMS97_1A_pos.imzML;4;137;360
Plexo_Positivo;Plexo_1_2_3_4_5_6_7_8_9_10_pos_20160218_IMS97_1A_pos.imzML;4;139;361
Plexo_Positivo;Plexo_1_2_3_4_5_6_7_8_9_10_pos_20160218_IMS97_1A_pos.imzML;4;140;362
Plexo_Positivo;Plexo_1_2_3_4_5_6_7_8_9_10_pos_20160218_IMS97_1A_pos.imzML;4;141;363
Plexo_Positivo;Plexo_1_2_3_4_5_6_7_8_9_10_pos_20160218_IMS97_1A_pos.imzML;4;143;364
Plexo_Positivo;Plexo_1_2_3_4_5_6_7_8_9_10_pos_20160218_IMS97_1A_pos.imzML;4;145;365
Plexo_Positivo;Plexo_1_2_3_4_5_6_7_8_9_10_pos_20160218_IMS97_1A_pos.imzML;4;146;366
Plexo_Positivo;Plexo_1_2_3_4_5_6_7_8_9_10_pos_20160218_IMS97_1A_pos.imzML;4;148;367
Plexo_Positivo;Plexo_1_2_3_4_5_6_7_8_9_10_pos_20160218_IMS97_1A_pos.imzML;4;149;368
Plexo_Positivo;Plexo_1_2_3_4_5_6_7_8_9_10_pos_20160218_IMS97_1A_pos.imzML;4;151;369
Plexo_Positivo;Plexo_1_2_3_4_5_6_7_8_9_10_pos_20160218_IMS97_1A_pos.imzML;4;152;370
Plexo_Positivo;Plexo_1_2_3_4_5_6_7_8_9_10_pos_20160218_IMS97_1A_pos.imzML;4;157;371
Plexo_Positivo;Plexo_1_2_3_4_5_6_7_8_9_10_pos_20160218_IMS97_1A_pos.imzML;4;158;372
Plexo_Positivo;Plexo_1_2_3_4_5_6_7_8_9_10_pos_20160218_IMS97_1A_pos.imzML;4;161;373
Plexo_Positivo;Plexo_1_2_3_4_5_6_7_8_9_10_pos_20160218_IMS97_1A_pos.imzML;4;163;374
Plexo_Positivo;Plexo_1_2_3_4_5_6_7_8_9_10_pos_20160218_IMS97_1A_pos.imzML;4;165;375
Plexo_Positivo;Plexo_1_2_3_4_5_6_7_8_9_10_pos_20160218_IMS97_1A_pos.imzML;4;167;376
Plexo_Positivo;Plexo_1_2_3_4_5_6_7_8_9_10_pos_20160218_IMS97_1A_pos.imzML;4;168;377
Plexo_Positivo;Plexo_1_2_3_4_5_6_7_8_9_10_pos_20160218_IMS97_1A_pos.imzML;4;169;378
Plexo_Positivo;Plexo_1_2_3_4_5_6_7_8_9_10_pos_20160218_IMS97_1A_pos.imzML;4;174;379
Plexo_Positivo;Plexo_1_2_3_4_5_6_7_8_9_10_pos_20160218_IMS97_1A_pos.imzML;4;179;380
Plexo_Positivo;Plexo_1_2_3_4_5_6_7_8_9_10_pos_20160218_IMS97_1A_pos.imzML;4;180;381
Plexo_Positivo;Plexo_1_2_3_4_5_6_7_8_9_10_pos_20160218_IMS97_1A_pos.imzML;4;181;382
Plexo_Positivo;Plexo_1_2_3_4_5_6_7_8_9_10_pos_20160218_IMS97_1A_pos.imzML;4;188;383
Plexo_Positivo;Plexo_1_2_3_4_5_6_7_8_9_10_pos_20160218_IMS97_1A_pos.imzML;4;189;384
Plexo_Positivo;Plexo_1_2_3_4_5_6_7_8_9_10_pos_20160218_IMS97_1A_pos.imzML;4;190;385
Plexo_Positivo;Plexo_1_2_3_4_5_6_7_8_9_10_pos_20160218_IMS97_1A_pos.imzML;4;191;386
Plexo_Positivo;Plexo_1_2_3_4_5_6_7_8_9_10_pos_20160218_IMS97_1A_pos.imzML;4;192;387
Plexo_Positivo;Plexo_1_2_3_4_5_6_7_8_9_10_pos_20160218_IMS97_1A_pos.imzML;4;196;388
Plexo_Positivo;Plexo_1_2_3_4_5_6_7_8_9_10_pos_20160218_IMS97_1A_pos.imzML;4;199;389
Plexo_Positivo;Plexo_1_2_3_4_5_6_7_8_9_10_pos_20160218_IMS97_1A_pos.imzML;4;200;390
Plexo_Positivo;Plexo_1_2_3_4_5_6_7_8_9_10_pos_20160218_IMS97_1A_pos.imzML;4;201;391
Plexo_Positivo;Plexo_1_2_3_4_5_6_7_8_9_10_pos_20160218_IMS97_1A_pos.imzML;4;205;392
Plexo_Positivo;Plexo_1_2_3_4_5_6_7_8_9_10_pos_20160218_IMS97_1A_pos.imzML;5;126;393
Plexo_Positivo;Plexo_1_2_3_4_5_6_7_8_9_10_pos_20160218_IMS97_1A_pos.imzML;5;129;394
Plexo_Positivo;Plexo_1_2_3_4_5_6_7_8_9_10_pos_20160218_IMS97_1A_pos.imzML;5;133;395
Plexo_Positivo;Plexo_1_2_3_4_5_6_7_8_9_10_pos_20160218_IMS97_1A_pos.imzML;5;134;396
Plexo_Positivo;Plexo_1_2_3_4_5_6_7_8_9_10_pos_20160218_IMS97_1A_pos.imzML;5;136;397
Plexo_Positivo;Plexo_1_2_3_4_5_6_7_8_9_10_pos_20160218_IMS97_1A_pos.imzML;5;138;398
Plexo_Positivo;Plexo_1_2_3_4_5_6_7_8_9_10_pos_20160218_IMS97_1A_pos.imzML;5;139;399
Plexo_Positivo;Plexo_1_2_3_4_5_6_7_8_9_10_pos_20160218_IMS97_1A_pos.imzML;5;141;400
Plexo_Positivo;Plexo_1_2_3_4_5_6_7_8_9_10_pos_20160218_IMS97_1A_pos.imzML;5;143;401
Plexo_Positivo;Plexo_1_2_3_4_5_6_7_8_9_10_pos_20160218_IMS97_1A_pos.imzML;5;144;402
Plexo_Positivo;Plexo_1_2_3_4_5_6_7_8_9_10_pos_20160218_IMS97_1A_pos.imzML;5;146;403
Plexo_Positivo;Plexo_1_2_3_4_5_6_7_8_9_10_pos_20160218_IMS97_1A_pos.imzML;5;147;404
Plexo_Positivo;Plexo_1_2_3_4_5_6_7_8_9_10_pos_20160218_IMS97_1A_pos.imzML;5;148;405
Plexo_Positivo;Plexo_1_2_3_4_5_6_7_8_9_10_pos_20160218_IMS97_1A_pos.imzML;5;149;406
Plexo_Positivo;Plexo_1_2_3_4_5_6_7_8_9_10_pos_20160218_IMS97_1A_pos.imzML;5;150;407
Plexo_Positivo;Plexo_1_2_3_4_5_6_7_8_9_10_pos_20160218_IMS97_1A_pos.imzML;5;151;408
Plexo_Positivo;Plexo_1_2_3_4_5_6_7_8_9_10_pos_20160218_IMS97_1A_pos.imzML;5;152;409
Plexo_Positivo;Plexo_1_2_3_4_5_6_7_8_9_10_pos_20160218_IMS97_1A_pos.imzML;5;154;410
Plexo_Positivo;Plexo_1_2_3_4_5_6_7_8_9_10_pos_20160218_IMS97_1A_pos.imzML;5;155;411
Plexo_Positivo;Plexo_1_2_3_4_5_6_7_8_9_10_pos_20160218_IMS97_1A_pos.imzML;5;157;412
Plexo_Positivo;Plexo_1_2_3_4_5_6_7_8_9_10_pos_20160218_IMS97_1A_pos.imzML;5;158;413
Plexo_Positivo;Plexo_1_2_3_4_5_6_7_8_9_10_pos_20160218_IMS97_1A_pos.imzML;5;159;414
Plexo_Positivo;Plexo_1_2_3_4_5_6_7_8_9_10_pos_20160218_IMS97_1A_pos.imzML;5;164;415
Plexo_Positivo;Plexo_1_2_3_4_5_6_7_8_9_10_pos_20160218_IMS97_1A_pos.imzML;5;165;416
Plexo_Positivo;Plexo_1_2_3_4_5_6_7_8_9_10_pos_20160218_IMS97_1A_pos.imzML;5;167;417
Plexo_Positivo;Plexo_1_2_3_4_5_6_7_8_9_10_pos_20160218_IMS97_1A_pos.imzML;5;168;418
Plexo_Positivo;Plexo_1_2_3_4_5_6_7_8_9_10_pos_20160218_IMS97_1A_pos.imzML;5;172;419
Plexo_Positivo;Plexo_1_2_3_4_5_6_7_8_9_10_pos_20160218_IMS97_1A_pos.imzML;5;173;420
Plexo_Positivo;Plexo_1_2_3_4_5_6_7_8_9_10_pos_20160218_IMS97_1A_pos.imzML;5;174;421
Plexo_Positivo;Plexo_1_2_3_4_5_6_7_8_9_10_pos_20160218_IMS97_1A_pos.imzML;5;177;422
Plexo_Positivo;Plexo_1_2_3_4_5_6_7_8_9_10_pos_20160218_IMS97_1A_pos.imzML;5;182;423
Plexo_Positivo;Plexo_1_2_3_4_5_6_7_8_9_10_pos_20160218_IMS97_1A_pos.imzML;5;188;424
Plexo_Positivo;Plexo_1_2_3_4_5_6_7_8_9_10_pos_20160218_IMS97_1A_pos.imzML;5;193;425
Plexo_Positivo;Plexo_1_2_3_4_5_6_7_8_9_10_pos_20160218_IMS97_1A_pos.imzML;5;198;426
Plexo_Positivo;Plexo_1_2_3_4_5_6_7_8_9_10_pos_20160218_IMS97_1A_pos.imzML;5;202;427
Plexo_Positivo;Plexo_1_2_3_4_5_6_7_8_9_10_pos_20160218_IMS97_1A_pos.imzML;5;204;428
Plexo_Positivo;Plexo_1_2_3_4_5_6_7_8_9_10_pos_20160218_IMS97_1A_pos.imzML;5;205;429
Plexo_Positivo;Plexo_1_2_3_4_5_6_7_8_9_10_pos_20160218_IMS97_1A_pos.imzML;5;206;430
Plexo_Positivo;Plexo_1_2_3_4_5_6_7_8_9_10_pos_20160218_IMS97_1A_pos.imzML;5;207;431
Plexo_Positivo;Plexo_1_2_3_4_5_6_7_8_9_10_pos_20160218_IMS97_1A_pos.imzML;5;208;432
Plexo_Positivo;Plexo_1_2_3_4_5_6_7_8_9_10_pos_20160218_IMS97_1A_pos.imzML;6;126;433
Plexo_Positivo;Plexo_1_2_3_4_5_6_7_8_9_10_pos_20160218_IMS97_1A_pos.imzML;6;127;434
Plexo_Positivo;Plexo_1_2_3_4_5_6_7_8_9_10_pos_20160218_IMS97_1A_pos.imzML;6;128;435
Plexo_Positivo;Plexo_1_2_3_4_5_6_7_8_9_10_pos_20160218_IMS97_1A_pos.imzML;6;129;436
Plexo_Positivo;Plexo_1_2_3_4_5_6_7_8_9_10_pos_20160218_IMS97_1A_pos.imzML;6;131;437
Plexo_Positivo;Plexo_1_2_3_4_5_6_7_8_9_10_pos_20160218_IMS97_1A_pos.imzML;6;132;438
Plexo_Positivo;Plexo_1_2_3_4_5_6_7_8_9_10_pos_20160218_IMS97_1A_pos.imzML;6;136;439
Plexo_Positivo;Plexo_1_2_3_4_5_6_7_8_9_10_pos_20160218_IMS97_1A_pos.imzML;6;138;440
Plexo_Positivo;Plexo_1_2_3_4_5_6_7_8_9_10_pos_20160218_IMS97_1A_pos.imzML;6;140;441
Plexo_Positivo;Plexo_1_2_3_4_5_6_7_8_9_10_pos_20160218_IMS97_1A_pos.imzML;6;146;442
Plexo_Positivo;Plexo_1_2_3_4_5_6_7_8_9_10_pos_20160218_IMS97_1A_pos.imzML;6;147;443
Plexo_Positivo;Plexo_1_2_3_4_5_6_7_8_9_10_pos_20160218_IMS97_1A_pos.imzML;6;148;444
Plexo_Positivo;Plexo_1_2_3_4_5_6_7_8_9_10_pos_20160218_IMS97_1A_pos.imzML;6;150;445
Plexo_Positivo;Plexo_1_2_3_4_5_6_7_8_9_10_pos_20160218_IMS97_1A_pos.imzML;6;155;446
Plexo_Positivo;Plexo_1_2_3_4_5_6_7_8_9_10_pos_20160218_IMS97_1A_pos.imzML;6;156;447
Plexo_Positivo;Plexo_1_2_3_4_5_6_7_8_9_10_pos_20160218_IMS97_1A_pos.imzML;6;157;448
Plexo_Positivo;Plexo_1_2_3_4_5_6_7_8_9_10_pos_20160218_IMS97_1A_pos.imzML;6;158;449
Plexo_Positivo;Plexo_1_2_3_4_5_6_7_8_9_10_pos_20160218_IMS97_1A_pos.imzML;6;160;450
Plexo_Positivo;Plexo_1_2_3_4_5_6_7_8_9_10_pos_20160218_IMS97_1A_pos.imzML;6;161;451
Plexo_Positivo;Plexo_1_2_3_4_5_6_7_8_9_10_pos_20160218_IMS97_1A_pos.imzML;6;162;452
Plexo_Positivo;Plexo_1_2_3_4_5_6_7_8_9_10_pos_20160218_IMS97_1A_pos.imzML;6;168;453
Plexo_Positivo;Plexo_1_2_3_4_5_6_7_8_9_10_pos_20160218_IMS97_1A_pos.imzML;6;170;454
Plexo_Positivo;Plexo_1_2_3_4_5_6_7_8_9_10_pos_20160218_IMS97_1A_pos.imzML;6;173;455
Plexo_Positivo;Plexo_1_2_3_4_5_6_7_8_9_10_pos_20160218_IMS97_1A_pos.imzML;6;178;456
Plexo_Positivo;Plexo_1_2_3_4_5_6_7_8_9_10_pos_20160218_IMS97_1A_pos.imzML;6;179;457
Plexo_Positivo;Plexo_1_2_3_4_5_6_7_8_9_10_pos_20160218_IMS97_1A_pos.imzML;6;184;458
Plexo_Positivo;Plexo_1_2_3_4_5_6_7_8_9_10_pos_20160218_IMS97_1A_pos.imzML;6;186;459
Plexo_Positivo;Plexo_1_2_3_4_5_6_7_8_9_10_pos_20160218_IMS97_1A_pos.imzML;6;189;460
Plexo_Positivo;Plexo_1_2_3_4_5_6_7_8_9_10_pos_20160218_IMS97_1A_pos.imzML;6;190;461
Plexo_Positivo;Plexo_1_2_3_4_5_6_7_8_9_10_pos_20160218_IMS97_1A_pos.imzML;6;191;462
Plexo_Positivo;Plexo_1_2_3_4_5_6_7_8_9_10_pos_20160218_IMS97_1A_pos.imzML;6;193;463
Plexo_Positivo;Plexo_1_2_3_4_5_6_7_8_9_10_pos_20160218_IMS97_1A_pos.imzML;6;194;464
Plexo_Positivo;Plexo_1_2_3_4_5_6_7_8_9_10_pos_20160218_IMS97_1A_pos.imzML;6;196;465
Plexo_Positivo;Plexo_1_2_3_4_5_6_7_8_9_10_pos_20160218_IMS97_1A_pos.imzML;6;201;466
Plexo_Positivo;Plexo_1_2_3_4_5_6_7_8_9_10_pos_20160218_IMS97_1A_pos.imzML;6;205;467
Plexo_Positivo;Plexo_1_2_3_4_5_6_7_8_9_10_pos_20160218_IMS97_1A_pos.imzML;6;206;468
Plexo_Positivo;Plexo_1_2_3_4_5_6_7_8_9_10_pos_20160218_IMS97_1A_pos.imzML;6;207;469
Plexo_Positivo;Plexo_1_2_3_4_5_6_7_8_9_10_pos_20160218_IMS97_1A_pos.imzML;7;128;470
Plexo_Positivo;Plexo_1_2_3_4_5_6_7_8_9_10_pos_20160218_IMS97_1A_pos.imzML;7;129;471
Plexo_Positivo;Plexo_1_2_3_4_5_6_7_8_9_10_pos_20160218_IMS97_1A_pos.imzML;7;130;472
Plexo_Positivo;Plexo_1_2_3_4_5_6_7_8_9_10_pos_20160218_IMS97_1A_pos.imzML;7;131;473
Plexo_Positivo;Plexo_1_2_3_4_5_6_7_8_9_10_pos_20160218_IMS97_1A_pos.imzML;7;134;474
Plexo_Positivo;Plexo_1_2_3_4_5_6_7_8_9_10_pos_20160218_IMS97_1A_pos.imzML;7;135;475
Plexo_Positivo;Plexo_1_2_3_4_5_6_7_8_9_10_pos_20160218_IMS97_1A_pos.imzML;7;136;476
Plexo_Positivo;Plexo_1_2_3_4_5_6_7_8_9_10_pos_20160218_IMS97_1A_pos.imzML;7;137;477
Plexo_Positivo;Plexo_1_2_3_4_5_6_7_8_9_10_pos_20160218_IMS97_1A_pos.imzML;7;138;478
Plexo_Positivo;Plexo_1_2_3_4_5_6_7_8_9_10_pos_20160218_IMS97_1A_pos.imzML;7;139;479
Plexo_Positivo;Plexo_1_2_3_4_5_6_7_8_9_10_pos_20160218_IMS97_1A_pos.imzML;7;140;480
Plexo_Positivo;Plexo_1_2_3_4_5_6_7_8_9_10_pos_20160218_IMS97_1A_pos.imzML;7;141;481
Plexo_Positivo;Plexo_1_2_3_4_5_6_7_8_9_10_pos_20160218_IMS97_1A_pos.imzML;7;144;482
Plexo_Positivo;Plexo_1_2_3_4_5_6_7_8_9_10_pos_20160218_IMS97_1A_pos.imzML;7;146;483
Plexo_Positivo;Plexo_1_2_3_4_5_6_7_8_9_10_pos_20160218_IMS97_1A_pos.imzML;7;150;484
Plexo_Positivo;Plexo_1_2_3_4_5_6_7_8_9_10_pos_20160218_IMS97_1A_pos.imzML;7;155;485
Plexo_Positivo;Plexo_1_2_3_4_5_6_7_8_9_10_pos_20160218_IMS97_1A_pos.imzML;7;156;486
Plexo_Positivo;Plexo_1_2_3_4_5_6_7_8_9_10_pos_20160218_IMS97_1A_pos.imzML;7;159;487
Plexo_Positivo;Plexo_1_2_3_4_5_6_7_8_9_10_pos_20160218_IMS97_1A_pos.imzML;7;160;488
Plexo_Positivo;Plexo_1_2_3_4_5_6_7_8_9_10_pos_20160218_IMS97_1A_pos.imzML;7;163;489
Plexo_Positivo;Plexo_1_2_3_4_5_6_7_8_9_10_pos_20160218_IMS97_1A_pos.imzML;7;165;490
Plexo_Positivo;Plexo_1_2_3_4_5_6_7_8_9_10_pos_20160218_IMS97_1A_pos.imzML;7;166;491
Plexo_Positivo;Plexo_1_2_3_4_5_6_7_8_9_10_pos_20160218_IMS97_1A_pos.imzML;7;167;492
Plexo_Positivo;Plexo_1_2_3_4_5_6_7_8_9_10_pos_20160218_IMS97_1A_pos.imzML;7;168;493
Plexo_Positivo;Plexo_1_2_3_4_5_6_7_8_9_10_pos_20160218_IMS97_1A_pos.imzML;7;170;494
Plexo_Positivo;Plexo_1_2_3_4_5_6_7_8_9_10_pos_20160218_IMS97_1A_pos.imzML;7;171;495
Plexo_Positivo;Plexo_1_2_3_4_5_6_7_8_9_10_pos_20160218_IMS97_1A_pos.imzML;7;172;496
Plexo_Positivo;Plexo_1_2_3_4_5_6_7_8_9_10_pos_20160218_IMS97_1A_pos.imzML;7;179;497
Plexo_Positivo;Plexo_1_2_3_4_5_6_7_8_9_10_pos_20160218_IMS97_1A_pos.imzML;7;180;498
Plexo_Positivo;Plexo_1_2_3_4_5_6_7_8_9_10_pos_20160218_IMS97_1A_pos.imzML;7;185;499
Plexo_Positivo;Plexo_1_2_3_4_5_6_7_8_9_10_pos_20160218_IMS97_1A_pos.imzML;7;189;500
Plexo_Positivo;Plexo_1_2_3_4_5_6_7_8_9_10_pos_20160218_IMS97_1A_pos.imzML;7;193;501
Plexo_Positivo;Plexo_1_2_3_4_5_6_7_8_9_10_pos_20160218_IMS97_1A_pos.imzML;7;198;502
Plexo_Positivo;Plexo_1_2_3_4_5_6_7_8_9_10_pos_20160218_IMS97_1A_pos.imzML;7;199;503
Plexo_Positivo;Plexo_1_2_3_4_5_6_7_8_9_10_pos_20160218_IMS97_1A_pos.imzML;7;200;504
Plexo_Positivo;Plexo_1_2_3_4_5_6_7_8_9_10_pos_20160218_IMS97_1A_pos.imzML;7;201;505
Plexo_Positivo;Plexo_1_2_3_4_5_6_7_8_9_10_pos_20160218_IMS97_1A_pos.imzML;7;202;506
Plexo_Positivo;Plexo_1_2_3_4_5_6_7_8_9_10_pos_20160218_IMS97_1A_pos.imzML;7;203;507
Plexo_Positivo;Plexo_1_2_3_4_5_6_7_8_9_10_pos_20160218_IMS97_1A_pos.imzML;7;206;508
Plexo_Positivo;Plexo_1_2_3_4_5_6_7_8_9_10_pos_20160218_IMS97_1A_pos.imzML;7;207;509
Plexo_Positivo;Plexo_1_2_3_4_5_6_7_8_9_10_pos_20160218_IMS97_1A_pos.imzML;7;208;510
Plexo_Positivo;Plexo_1_2_3_4_5_6_7_8_9_10_pos_20160218_IMS97_1A_pos.imzML;7;209;511
Plexo_Positivo;Plexo_1_2_3_4_5_6_7_8_9_10_pos_20160218_IMS97_1A_pos.imzML;8;126;512
Plexo_Positivo;Plexo_1_2_3_4_5_6_7_8_9_10_pos_20160218_IMS97_1A_pos.imzML;8;128;513
Plexo_Positivo;Plexo_1_2_3_4_5_6_7_8_9_10_pos_20160218_IMS97_1A_pos.imzML;8;133;514
Plexo_Positivo;Plexo_1_2_3_4_5_6_7_8_9_10_pos_20160218_IMS97_1A_pos.imzML;8;134;515
Plexo_Positivo;Plexo_1_2_3_4_5_6_7_8_9_10_pos_20160218_IMS97_1A_pos.imzML;8;136;516
Plexo_Positivo;Plexo_1_2_3_4_5_6_7_8_9_10_pos_20160218_IMS97_1A_pos.imzML;8;137;517
Plexo_Positivo;Plexo_1_2_3_4_5_6_7_8_9_10_pos_20160218_IMS97_1A_pos.imzML;8;139;518
Plexo_Positivo;Plexo_1_2_3_4_5_6_7_8_9_10_pos_20160218_IMS97_1A_pos.imzML;8;144;519
Plexo_Positivo;Plexo_1_2_3_4_5_6_7_8_9_10_pos_20160218_IMS97_1A_pos.imzML;8;145;520
Plexo_Positivo;Plexo_1_2_3_4_5_6_7_8_9_10_pos_20160218_IMS97_1A_pos.imzML;8;146;521
Plexo_Positivo;Plexo_1_2_3_4_5_6_7_8_9_10_pos_20160218_IMS97_1A_pos.imzML;8;149;522
Plexo_Positivo;Plexo_1_2_3_4_5_6_7_8_9_10_pos_20160218_IMS97_1A_pos.imzML;8;160;523
Plexo_Positivo;Plexo_1_2_3_4_5_6_7_8_9_10_pos_20160218_IMS97_1A_pos.imzML;8;161;524
Plexo_Positivo;Plexo_1_2_3_4_5_6_7_8_9_10_pos_20160218_IMS97_1A_pos.imzML;8;163;525
Plexo_Positivo;Plexo_1_2_3_4_5_6_7_8_9_10_pos_20160218_IMS97_1A_pos.imzML;8;164;526
Plexo_Positivo;Plexo_1_2_3_4_5_6_7_8_9_10_pos_20160218_IMS97_1A_pos.imzML;8;168;527
Plexo_Positivo;Plexo_1_2_3_4_5_6_7_8_9_10_pos_20160218_IMS97_1A_pos.imzML;8;170;528
Plexo_Positivo;Plexo_1_2_3_4_5_6_7_8_9_10_pos_20160218_IMS97_1A_pos.imzML;8;173;529
Plexo_Positivo;Plexo_1_2_3_4_5_6_7_8_9_10_pos_20160218_IMS97_1A_pos.imzML;8;174;530
Plexo_Positivo;Plexo_1_2_3_4_5_6_7_8_9_10_pos_20160218_IMS97_1A_pos.imzML;8;175;531
Plexo_Positivo;Plexo_1_2_3_4_5_6_7_8_9_10_pos_20160218_IMS97_1A_pos.imzML;8;178;532
Plexo_Positivo;Plexo_1_2_3_4_5_6_7_8_9_10_pos_20160218_IMS97_1A_pos.imzML;8;180;533
Plexo_Positivo;Plexo_1_2_3_4_5_6_7_8_9_10_pos_20160218_IMS97_1A_pos.imzML;8;181;534
Plexo_Positivo;Plexo_1_2_3_4_5_6_7_8_9_10_pos_20160218_IMS97_1A_pos.imzML;8;182;535
Plexo_Positivo;Plexo_1_2_3_4_5_6_7_8_9_10_pos_20160218_IMS97_1A_pos.imzML;8;183;536
Plexo_Positivo;Plexo_1_2_3_4_5_6_7_8_9_10_pos_20160218_IMS97_1A_pos.imzML;8;185;537
Plexo_Positivo;Plexo_1_2_3_4_5_6_7_8_9_10_pos_20160218_IMS97_1A_pos.imzML;8;189;538
Plexo_Positivo;Plexo_1_2_3_4_5_6_7_8_9_10_pos_20160218_IMS97_1A_pos.imzML;8;193;539
Plexo_Positivo;Plexo_1_2_3_4_5_6_7_8_9_10_pos_20160218_IMS97_1A_pos.imzML;8;197;540
Plexo_Positivo;Plexo_1_2_3_4_5_6_7_8_9_10_pos_20160218_IMS97_1A_pos.imzML;8;198;541
Plexo_Positivo;Plexo_1_2_3_4_5_6_7_8_9_10_pos_20160218_IMS97_1A_pos.imzML;8;202;542
Plexo_Positivo;Plexo_1_2_3_4_5_6_7_8_9_10_pos_20160218_IMS97_1A_pos.imzML;8;203;543
Plexo_Positivo;Plexo_1_2_3_4_5_6_7_8_9_10_pos_20160218_IMS97_1A_pos.imzML;8;204;544
Plexo_Positivo;Plexo_1_2_3_4_5_6_7_8_9_10_pos_20160218_IMS97_1A_pos.imzML;8;205;545
Plexo_Positivo;Plexo_1_2_3_4_5_6_7_8_9_10_pos_20160218_IMS97_1A_pos.imzML;8;207;546
Plexo_Positivo;Plexo_1_2_3_4_5_6_7_8_9_10_pos_20160218_IMS97_1A_pos.imzML;8;208;547
Plexo_Positivo;Plexo_1_2_3_4_5_6_7_8_9_10_pos_20160218_IMS97_1A_pos.imzML;9;129;548
Plexo_Positivo;Plexo_1_2_3_4_5_6_7_8_9_10_pos_20160218_IMS97_1A_pos.imzML;9;130;549
Plexo_Positivo;Plexo_1_2_3_4_5_6_7_8_9_10_pos_20160218_IMS97_1A_pos.imzML;9;137;550
Plexo_Positivo;Plexo_1_2_3_4_5_6_7_8_9_10_pos_20160218_IMS97_1A_pos.imzML;9;143;551
Plexo_Positivo;Plexo_1_2_3_4_5_6_7_8_9_10_pos_20160218_IMS97_1A_pos.imzML;9;147;552
Plexo_Positivo;Plexo_1_2_3_4_5_6_7_8_9_10_pos_20160218_IMS97_1A_pos.imzML;9;148;553
Plexo_Positivo;Plexo_1_2_3_4_5_6_7_8_9_10_pos_20160218_IMS97_1A_pos.imzML;9;149;554
Plexo_Positivo;Plexo_1_2_3_4_5_6_7_8_9_10_pos_20160218_IMS97_1A_pos.imzML;9;152;555
Plexo_Positivo;Plexo_1_2_3_4_5_6_7_8_9_10_pos_20160218_IMS97_1A_pos.imzML;9;155;556
Plexo_Positivo;Plexo_1_2_3_4_5_6_7_8_9_10_pos_20160218_IMS97_1A_pos.imzML;9;156;557
Plexo_Positivo;Plexo_1_2_3_4_5_6_7_8_9_10_pos_20160218_IMS97_1A_pos.imzML;9;157;558
Plexo_Positivo;Plexo_1_2_3_4_5_6_7_8_9_10_pos_20160218_IMS97_1A_pos.imzML;9;158;559
Plexo_Positivo;Plexo_1_2_3_4_5_6_7_8_9_10_pos_20160218_IMS97_1A_pos.imzML;9;159;560
Plexo_Positivo;Plexo_1_2_3_4_5_6_7_8_9_10_pos_20160218_IMS97_1A_pos.imzML;9;162;561
Plexo_Positivo;Plexo_1_2_3_4_5_6_7_8_9_10_pos_20160218_IMS97_1A_pos.imzML;9;164;562
Plexo_Positivo;Plexo_1_2_3_4_5_6_7_8_9_10_pos_20160218_IMS97_1A_pos.imzML;9;165;563
Plexo_Positivo;Plexo_1_2_3_4_5_6_7_8_9_10_pos_20160218_IMS97_1A_pos.imzML;9;168;564
Plexo_Positivo;Plexo_1_2_3_4_5_6_7_8_9_10_pos_20160218_IMS97_1A_pos.imzML;9;171;565
Plexo_Positivo;Plexo_1_2_3_4_5_6_7_8_9_10_pos_20160218_IMS97_1A_pos.imzML;9;175;566
Plexo_Positivo;Plexo_1_2_3_4_5_6_7_8_9_10_pos_20160218_IMS97_1A_pos.imzML;9;177;567
Plexo_Positivo;Plexo_1_2_3_4_5_6_7_8_9_10_pos_20160218_IMS97_1A_pos.imzML;9;179;568
Plexo_Positivo;Plexo_1_2_3_4_5_6_7_8_9_10_pos_20160218_IMS97_1A_pos.imzML;9;180;569
Plexo_Positivo;Plexo_1_2_3_4_5_6_7_8_9_10_pos_20160218_IMS97_1A_pos.imzML;9;181;570
Plexo_Positivo;Plexo_1_2_3_4_5_6_7_8_9_10_pos_20160218_IMS97_1A_pos.imzML;9;182;571
Plexo_Positivo;Plexo_1_2_3_4_5_6_7_8_9_10_pos_20160218_IMS97_1A_pos.imzML;9;183;572
Plexo_Positivo;Plexo_1_2_3_4_5_6_7_8_9_10_pos_20160218_IMS97_1A_pos.imzML;9;193;573
Plexo_Positivo;Plexo_1_2_3_4_5_6_7_8_9_10_pos_20160218_IMS97_1A_pos.imzML;9;194;574
Plexo_Positivo;Plexo_1_2_3_4_5_6_7_8_9_10_pos_20160218_IMS97_1A_pos.imzML;9;198;575
Plexo_Positivo;Plexo_1_2_3_4_5_6_7_8_9_10_pos_20160218_IMS97_1A_pos.imzML;9;199;576
Plexo_Positivo;Plexo_1_2_3_4_5_6_7_8_9_10_pos_20160218_IMS97_1A_pos.imzML;9;203;577
Plexo_Positivo;Plexo_1_2_3_4_5_6_7_8_9_10_pos_20160218_IMS97_1A_pos.imzML;9;205;578
Plexo_Positivo;Plexo_1_2_3_4_5_6_7_8_9_10_pos_20160218_IMS97_1A_pos.imzML;9;206;579
Plexo_Positivo;Plexo_1_2_3_4_5_6_7_8_9_10_pos_20160218_IMS97_1A_pos.imzML;9;209;580
Plexo_Positivo;Plexo_1_2_3_4_5_6_7_8_9_10_pos_20160218_IMS97_1A_pos.imzML;10;127;581
Plexo_Positivo;Plexo_1_2_3_4_5_6_7_8_9_10_pos_20160218_IMS97_1A_pos.imzML;10;129;582
Plexo_Positivo;Plexo_1_2_3_4_5_6_7_8_9_10_pos_20160218_IMS97_1A_pos.imzML;10;132;583
Plexo_Positivo;Plexo_1_2_3_4_5_6_7_8_9_10_pos_20160218_IMS97_1A_pos.imzML;10;133;584
Plexo_Positivo;Plexo_1_2_3_4_5_6_7_8_9_10_pos_20160218_IMS97_1A_pos.imzML;10;135;585
Plexo_Positivo;Plexo_1_2_3_4_5_6_7_8_9_10_pos_20160218_IMS97_1A_pos.imzML;10;138;586
Plexo_Positivo;Plexo_1_2_3_4_5_6_7_8_9_10_pos_20160218_IMS97_1A_pos.imzML;10;141;587
Plexo_Positivo;Plexo_1_2_3_4_5_6_7_8_9_10_pos_20160218_IMS97_1A_pos.imzML;10;142;588
Plexo_Positivo;Plexo_1_2_3_4_5_6_7_8_9_10_pos_20160218_IMS97_1A_pos.imzML;10;144;589
Plexo_Positivo;Plexo_1_2_3_4_5_6_7_8_9_10_pos_20160218_IMS97_1A_pos.imzML;10;145;590
Plexo_Positivo;Plexo_1_2_3_4_5_6_7_8_9_10_pos_20160218_IMS97_1A_pos.imzML;10;146;591
Plexo_Positivo;Plexo_1_2_3_4_5_6_7_8_9_10_pos_20160218_IMS97_1A_pos.imzML;10;147;592
Plexo_Positivo;Plexo_1_2_3_4_5_6_7_8_9_10_pos_20160218_IMS97_1A_pos.imzML;10;150;593
Plexo_Positivo;Plexo_1_2_3_4_5_6_7_8_9_10_pos_20160218_IMS97_1A_pos.imzML;10;153;594
Plexo_Positivo;Plexo_1_2_3_4_5_6_7_8_9_10_pos_20160218_IMS97_1A_pos.imzML;10;158;595
Plexo_Positivo;Plexo_1_2_3_4_5_6_7_8_9_10_pos_20160218_IMS97_1A_pos.imzML;10;168;596
Plexo_Positivo;Plexo_1_2_3_4_5_6_7_8_9_10_pos_20160218_IMS97_1A_pos.imzML;10;173;597
Plexo_Positivo;Plexo_1_2_3_4_5_6_7_8_9_10_pos_20160218_IMS97_1A_pos.imzML;10;174;598
Plexo_Positivo;Plexo_1_2_3_4_5_6_7_8_9_10_pos_20160218_IMS97_1A_pos.imzML;10;175;599
Plexo_Positivo;Plexo_1_2_3_4_5_6_7_8_9_10_pos_20160218_IMS97_1A_pos.imzML;10;181;600
Plexo_Positivo;Plexo_1_2_3_4_5_6_7_8_9_10_pos_20160218_IMS97_1A_pos.imzML;10;182;601
Plexo_Positivo;Plexo_1_2_3_4_5_6_7_8_9_10_pos_20160218_IMS97_1A_pos.imzML;10;183;602
Plexo_Positivo;Plexo_1_2_3_4_5_6_7_8_9_10_pos_20160218_IMS97_1A_pos.imzML;10;184;603
Plexo_Positivo;Plexo_1_2_3_4_5_6_7_8_9_10_pos_20160218_IMS97_1A_pos.imzML;10;185;604
Plexo_Positivo;Plexo_1_2_3_4_5_6_7_8_9_10_pos_20160218_IMS97_1A_pos.imzML;10;193;605
Plexo_Positivo;Plexo_1_2_3_4_5_6_7_8_9_10_pos_20160218_IMS97_1A_pos.imzML;10;197;606
Plexo_Positivo;Plexo_1_2_3_4_5_6_7_8_9_10_pos_20160218_IMS97_1A_pos.imzML;10;198;607
Plexo_Positivo;Plexo_1_2_3_4_5_6_7_8_9_10_pos_20160218_IMS97_1A_pos.imzML;10;200;608
Plexo_Positivo;Plexo_1_2_3_4_5_6_7_8_9_10_pos_20160218_IMS97_1A_pos.imzML;10;201;609
Plexo_Positivo;Plexo_1_2_3_4_5_6_7_8_9_10_pos_20160218_IMS97_1A_pos.imzML;10;208;610
Plexo_Positivo;Plexo_1_2_3_4_5_6_7_8_9_10_pos_20160218_IMS97_1A_pos.imzML;10;209;611
Plexo_Positivo;Plexo_1_2_3_4_5_6_7_8_9_10_pos_20160218_IMS97_1A_pos.imzML;11;126;612
Plexo_Positivo;Plexo_1_2_3_4_5_6_7_8_9_10_pos_20160218_IMS97_1A_pos.imzML;11;130;613
Plexo_Positivo;Plexo_1_2_3_4_5_6_7_8_9_10_pos_20160218_IMS97_1A_pos.imzML;11;132;614
Plexo_Positivo;Plexo_1_2_3_4_5_6_7_8_9_10_pos_20160218_IMS97_1A_pos.imzML;11;133;615
Plexo_Positivo;Plexo_1_2_3_4_5_6_7_8_9_10_pos_20160218_IMS97_1A_pos.imzML;11;134;616
Plexo_Positivo;Plexo_1_2_3_4_5_6_7_8_9_10_pos_20160218_IMS97_1A_pos.imzML;11;136;617
Plexo_Positivo;Plexo_1_2_3_4_5_6_7_8_9_10_pos_20160218_IMS97_1A_pos.imzML;11;139;618
Plexo_Positivo;Plexo_1_2_3_4_5_6_7_8_9_10_pos_20160218_IMS97_1A_pos.imzML;11;141;619
Plexo_Positivo;Plexo_1_2_3_4_5_6_7_8_9_10_pos_20160218_IMS97_1A_pos.imzML;11;142;620
Plexo_Positivo;Plexo_1_2_3_4_5_6_7_8_9_10_pos_20160218_IMS97_1A_pos.imzML;11;145;621
Plexo_Positivo;Plexo_1_2_3_4_5_6_7_8_9_10_pos_20160218_IMS97_1A_pos.imzML;11;150;622
Plexo_Positivo;Plexo_1_2_3_4_5_6_7_8_9_10_pos_20160218_IMS97_1A_pos.imzML;11;151;623
Plexo_Positivo;Plexo_1_2_3_4_5_6_7_8_9_10_pos_20160218_IMS97_1A_pos.imzML;11;152;624
Plexo_Positivo;Plexo_1_2_3_4_5_6_7_8_9_10_pos_20160218_IMS97_1A_pos.imzML;11;154;625
Plexo_Positivo;Plexo_1_2_3_4_5_6_7_8_9_10_pos_20160218_IMS97_1A_pos.imzML;11;155;626
Plexo_Positivo;Plexo_1_2_3_4_5_6_7_8_9_10_pos_20160218_IMS97_1A_pos.imzML;11;157;627
Plexo_Positivo;Plexo_1_2_3_4_5_6_7_8_9_10_pos_20160218_IMS97_1A_pos.imzML;11;158;628
Plexo_Positivo;Plexo_1_2_3_4_5_6_7_8_9_10_pos_20160218_IMS97_1A_pos.imzML;11;162;629
Plexo_Positivo;Plexo_1_2_3_4_5_6_7_8_9_10_pos_20160218_IMS97_1A_pos.imzML;11;163;630
Plexo_Positivo;Plexo_1_2_3_4_5_6_7_8_9_10_pos_20160218_IMS97_1A_pos.imzML;11;166;631
Plexo_Positivo;Plexo_1_2_3_4_5_6_7_8_9_10_pos_20160218_IMS97_1A_pos.imzML;11;167;632
Plexo_Positivo;Plexo_1_2_3_4_5_6_7_8_9_10_pos_20160218_IMS97_1A_pos.imzML;11;168;633
Plexo_Positivo;Plexo_1_2_3_4_5_6_7_8_9_10_pos_20160218_IMS97_1A_pos.imzML;11;170;634
Plexo_Positivo;Plexo_1_2_3_4_5_6_7_8_9_10_pos_20160218_IMS97_1A_pos.imzML;11;173;635
Plexo_Positivo;Plexo_1_2_3_4_5_6_7_8_9_10_pos_20160218_IMS97_1A_pos.imzML;11;176;636
Plexo_Positivo;Plexo_1_2_3_4_5_6_7_8_9_10_pos_20160218_IMS97_1A_pos.imzML;11;178;637
Plexo_Positivo;Plexo_1_2_3_4_5_6_7_8_9_10_pos_20160218_IMS97_1A_pos.imzML;11;182;638
Plexo_Positivo;Plexo_1_2_3_4_5_6_7_8_9_10_pos_20160218_IMS97_1A_pos.imzML;11;183;639
Plexo_Positivo;Plexo_1_2_3_4_5_6_7_8_9_10_pos_20160218_IMS97_1A_pos.imzML;11;184;640
Plexo_Positivo;Plexo_1_2_3_4_5_6_7_8_9_10_pos_20160218_IMS97_1A_pos.imzML;11;185;641
Plexo_Positivo;Plexo_1_2_3_4_5_6_7_8_9_10_pos_20160218_IMS97_1A_pos.imzML;11;188;642
Plexo_Positivo;Plexo_1_2_3_4_5_6_7_8_9_10_pos_20160218_IMS97_1A_pos.imzML;11;194;643
Plexo_Positivo;Plexo_1_2_3_4_5_6_7_8_9_10_pos_20160218_IMS97_1A_pos.imzML;11;195;644
Plexo_Positivo;Plexo_1_2_3_4_5_6_7_8_9_10_pos_20160218_IMS97_1A_pos.imzML;11;196;645
Plexo_Positivo;Plexo_1_2_3_4_5_6_7_8_9_10_pos_20160218_IMS97_1A_pos.imzML;11;197;646
Plexo_Positivo;Plexo_1_2_3_4_5_6_7_8_9_10_pos_20160218_IMS97_1A_pos.imzML;11;198;647
Plexo_Positivo;Plexo_1_2_3_4_5_6_7_8_9_10_pos_20160218_IMS97_1A_pos.imzML;11;199;648
Plexo_Positivo;Plexo_1_2_3_4_5_6_7_8_9_10_pos_20160218_IMS97_1A_pos.imzML;11;202;649
Plexo_Positivo;Plexo_1_2_3_4_5_6_7_8_9_10_pos_20160218_IMS97_1A_pos.imzML;11;204;650
Plexo_Positivo;Plexo_1_2_3_4_5_6_7_8_9_10_pos_20160218_IMS97_1A_pos.imzML;11;205;651
Plexo_Positivo;Plexo_1_2_3_4_5_6_7_8_9_10_pos_20160218_IMS97_1A_pos.imzML;11;207;652
Plexo_Positivo;Plexo_1_2_3_4_5_6_7_8_9_10_pos_20160218_IMS97_1A_pos.imzML;12;127;653
Plexo_Positivo;Plexo_1_2_3_4_5_6_7_8_9_10_pos_20160218_IMS97_1A_pos.imzML;12;128;654
Plexo_Positivo;Plexo_1_2_3_4_5_6_7_8_9_10_pos_20160218_IMS97_1A_pos.imzML;12;129;655
Plexo_Positivo;Plexo_1_2_3_4_5_6_7_8_9_10_pos_20160218_IMS97_1A_pos.imzML;12;130;656
Plexo_Positivo;Plexo_1_2_3_4_5_6_7_8_9_10_pos_20160218_IMS97_1A_pos.imzML;12;132;657
Plexo_Positivo;Plexo_1_2_3_4_5_6_7_8_9_10_pos_20160218_IMS97_1A_pos.imzML;12;133;658
Plexo_Positivo;Plexo_1_2_3_4_5_6_7_8_9_10_pos_20160218_IMS97_1A_pos.imzML;12;135;659
Plexo_Positivo;Plexo_1_2_3_4_5_6_7_8_9_10_pos_20160218_IMS97_1A_pos.imzML;12;136;660
Plexo_Positivo;Plexo_1_2_3_4_5_6_7_8_9_10_pos_20160218_IMS97_1A_pos.imzML;12;138;661
Plexo_Positivo;Plexo_1_2_3_4_5_6_7_8_9_10_pos_20160218_IMS97_1A_pos.imzML;12;140;662
Plexo_Positivo;Plexo_1_2_3_4_5_6_7_8_9_10_pos_20160218_IMS97_1A_pos.imzML;12;142;663
Plexo_Positivo;Plexo_1_2_3_4_5_6_7_8_9_10_pos_20160218_IMS97_1A_pos.imzML;12;143;664
Plexo_Positivo;Plexo_1_2_3_4_5_6_7_8_9_10_pos_20160218_IMS97_1A_pos.imzML;12;145;665
Plexo_Positivo;Plexo_1_2_3_4_5_6_7_8_9_10_pos_20160218_IMS97_1A_pos.imzML;12;154;666
Plexo_Positivo;Plexo_1_2_3_4_5_6_7_8_9_10_pos_20160218_IMS97_1A_pos.imzML;12;155;667
Plexo_Positivo;Plexo_1_2_3_4_5_6_7_8_9_10_pos_20160218_IMS97_1A_pos.imzML;12;157;668
Plexo_Positivo;Plexo_1_2_3_4_5_6_7_8_9_10_pos_20160218_IMS97_1A_pos.imzML;12;162;669
Plexo_Positivo;Plexo_1_2_3_4_5_6_7_8_9_10_pos_20160218_IMS97_1A_pos.imzML;12;165;670
Plexo_Positivo;Plexo_1_2_3_4_5_6_7_8_9_10_pos_20160218_IMS97_1A_pos.imzML;12;168;671
Plexo_Positivo;Plexo_1_2_3_4_5_6_7_8_9_10_pos_20160218_IMS97_1A_pos.imzML;12;170;672
Plexo_Positivo;Plexo_1_2_3_4_5_6_7_8_9_10_pos_20160218_IMS97_1A_pos.imzML;12;172;673
Plexo_Positivo;Plexo_1_2_3_4_5_6_7_8_9_10_pos_20160218_IMS97_1A_pos.imzML;12;182;674
Plexo_Positivo;Plexo_1_2_3_4_5_6_7_8_9_10_pos_20160218_IMS97_1A_pos.imzML;12;183;675
Plexo_Positivo;Plexo_1_2_3_4_5_6_7_8_9_10_pos_20160218_IMS97_1A_pos.imzML;12;184;676
Plexo_Positivo;Plexo_1_2_3_4_5_6_7_8_9_10_pos_20160218_IMS97_1A_pos.imzML;12;186;677
Plexo_Positivo;Plexo_1_2_3_4_5_6_7_8_9_10_pos_20160218_IMS97_1A_pos.imzML;12;187;678
Plexo_Positivo;Plexo_1_2_3_4_5_6_7_8_9_10_pos_20160218_IMS97_1A_pos.imzML;12;189;679
Plexo_Positivo;Plexo_1_2_3_4_5_6_7_8_9_10_pos_20160218_IMS97_1A_pos.imzML;12;190;680
Plexo_Positivo;Plexo_1_2_3_4_5_6_7_8_9_10_pos_20160218_IMS97_1A_pos.imzML;12;192;681
Plexo_Positivo;Plexo_1_2_3_4_5_6_7_8_9_10_pos_20160218_IMS97_1A_pos.imzML;12;194;682
Plexo_Positivo;Plexo_1_2_3_4_5_6_7_8_9_10_pos_20160218_IMS97_1A_pos.imzML;12;195;683
Plexo_Positivo;Plexo_1_2_3_4_5_6_7_8_9_10_pos_20160218_IMS97_1A_pos.imzML;12;198;684
Plexo_Positivo;Plexo_1_2_3_4_5_6_7_8_9_10_pos_20160218_IMS97_1A_pos.imzML;12;200;685
Plexo_Positivo;Plexo_1_2_3_4_5_6_7_8_9_10_pos_20160218_IMS97_1A_pos.imzML;12;201;686
Plexo_Positivo;Plexo_1_2_3_4_5_6_7_8_9_10_pos_20160218_IMS97_1A_pos.imzML;12;202;687
Plexo_Positivo;Plexo_1_2_3_4_5_6_7_8_9_10_pos_20160218_IMS97_1A_pos.imzML;12;203;688
Plexo_Positivo;Plexo_1_2_3_4_5_6_7_8_9_10_pos_20160218_IMS97_1A_pos.imzML;12;204;689
Plexo_Positivo;Plexo_1_2_3_4_5_6_7_8_9_10_pos_20160218_IMS97_1A_pos.imzML;12;207;690
Plexo_Positivo;Plexo_1_2_3_4_5_6_7_8_9_10_pos_20160218_IMS97_1A_pos.imzML;12;209;691
Plexo_Positivo;Plexo_1_2_3_4_5_6_7_8_9_10_pos_20160218_IMS97_1A_pos.imzML;13;129;692
Plexo_Positivo;Plexo_1_2_3_4_5_6_7_8_9_10_pos_20160218_IMS97_1A_pos.imzML;13;131;693
Plexo_Positivo;Plexo_1_2_3_4_5_6_7_8_9_10_pos_20160218_IMS97_1A_pos.imzML;13;132;694
Plexo_Positivo;Plexo_1_2_3_4_5_6_7_8_9_10_pos_20160218_IMS97_1A_pos.imzML;13;133;695
Plexo_Positivo;Plexo_1_2_3_4_5_6_7_8_9_10_pos_20160218_IMS97_1A_pos.imzML;13;134;696
Plexo_Positivo;Plexo_1_2_3_4_5_6_7_8_9_10_pos_20160218_IMS97_1A_pos.imzML;13;135;697
Plexo_Positivo;Plexo_1_2_3_4_5_6_7_8_9_10_pos_20160218_IMS97_1A_pos.imzML;13;136;698
Plexo_Positivo;Plexo_1_2_3_4_5_6_7_8_9_10_pos_20160218_IMS97_1A_pos.imzML;13;139;699
Plexo_Positivo;Plexo_1_2_3_4_5_6_7_8_9_10_pos_20160218_IMS97_1A_pos.imzML;13;141;700
Plexo_Positivo;Plexo_1_2_3_4_5_6_7_8_9_10_pos_20160218_IMS97_1A_pos.imzML;13;146;701
Plexo_Positivo;Plexo_1_2_3_4_5_6_7_8_9_10_pos_20160218_IMS97_1A_pos.imzML;13;149;702
Plexo_Positivo;Plexo_1_2_3_4_5_6_7_8_9_10_pos_20160218_IMS97_1A_pos.imzML;13;150;703
Plexo_Positivo;Plexo_1_2_3_4_5_6_7_8_9_10_pos_20160218_IMS97_1A_pos.imzML;13;155;704
Plexo_Positivo;Plexo_1_2_3_4_5_6_7_8_9_10_pos_20160218_IMS97_1A_pos.imzML;13;159;705
Plexo_Positivo;Plexo_1_2_3_4_5_6_7_8_9_10_pos_20160218_IMS97_1A_pos.imzML;13;162;706
Plexo_Positivo;Plexo_1_2_3_4_5_6_7_8_9_10_pos_20160218_IMS97_1A_pos.imzML;13;165;707
Plexo_Positivo;Plexo_1_2_3_4_5_6_7_8_9_10_pos_20160218_IMS97_1A_pos.imzML;13;168;708
Plexo_Positivo;Plexo_1_2_3_4_5_6_7_8_9_10_pos_20160218_IMS97_1A_pos.imzML;13;173;709
Plexo_Positivo;Plexo_1_2_3_4_5_6_7_8_9_10_pos_20160218_IMS97_1A_pos.imzML;13;175;710
Plexo_Positivo;Plexo_1_2_3_4_5_6_7_8_9_10_pos_20160218_IMS97_1A_pos.imzML;13;177;711
Plexo_Positivo;Plexo_1_2_3_4_5_6_7_8_9_10_pos_20160218_IMS97_1A_pos.imzML;13;178;712
Plexo_Positivo;Plexo_1_2_3_4_5_6_7_8_9_10_pos_20160218_IMS97_1A_pos.imzML;13;179;713
Plexo_Positivo;Plexo_1_2_3_4_5_6_7_8_9_10_pos_20160218_IMS97_1A_pos.imzML;13;180;714
Plexo_Positivo;Plexo_1_2_3_4_5_6_7_8_9_10_pos_20160218_IMS97_1A_pos.imzML;13;181;715
Plexo_Positivo;Plexo_1_2_3_4_5_6_7_8_9_10_pos_20160218_IMS97_1A_pos.imzML;13;182;716
Plexo_Positivo;Plexo_1_2_3_4_5_6_7_8_9_10_pos_20160218_IMS97_1A_pos.imzML;13;186;717
Plexo_Positivo;Plexo_1_2_3_4_5_6_7_8_9_10_pos_20160218_IMS97_1A_pos.imzML;13;190;718
Plexo_Positivo;Plexo_1_2_3_4_5_6_7_8_9_10_pos_20160218_IMS97_1A_pos.imzML;13;196;719
Plexo_Positivo;Plexo_1_2_3_4_5_6_7_8_9_10_pos_20160218_IMS97_1A_pos.imzML;13;199;720
Plexo_Positivo;Plexo_1_2_3_4_5_6_7_8_9_10_pos_20160218_IMS97_1A_pos.imzML;13;200;721
Plexo_Positivo;Plexo_1_2_3_4_5_6_7_8_9_10_pos_20160218_IMS97_1A_pos.imzML;13;201;722
Plexo_Positivo;Plexo_1_2_3_4_5_6_7_8_9_10_pos_20160218_IMS97_1A_pos.imzML;13;202;723
Plexo_Positivo;Plexo_1_2_3_4_5_6_7_8_9_10_pos_20160218_IMS97_1A_pos.imzML;13;203;724
Plexo_Positivo;Plexo_1_2_3_4_5_6_7_8_9_10_pos_20160218_IMS97_1A_pos.imzML;13;206;725
Plexo_Positivo;Plexo_1_2_3_4_5_6_7_8_9_10_pos_20160218_IMS97_1A_pos.imzML;13;207;726
Plexo_Positivo;Plexo_1_2_3_4_5_6_7_8_9_10_pos_20160218_IMS97_1A_pos.imzML;13;209;727
Plexo_Positivo;Plexo_1_2_3_4_5_6_7_8_9_10_pos_20160218_IMS97_1A_pos.imzML;14;133;728
Plexo_Positivo;Plexo_1_2_3_4_5_6_7_8_9_10_pos_20160218_IMS97_1A_pos.imzML;14;136;729
Plexo_Positivo;Plexo_1_2_3_4_5_6_7_8_9_10_pos_20160218_IMS97_1A_pos.imzML;14;139;730
Plexo_Positivo;Plexo_1_2_3_4_5_6_7_8_9_10_pos_20160218_IMS97_1A_pos.imzML;14;140;731
Plexo_Positivo;Plexo_1_2_3_4_5_6_7_8_9_10_pos_20160218_IMS97_1A_pos.imzML;14;142;732
Plexo_Positivo;Plexo_1_2_3_4_5_6_7_8_9_10_pos_20160218_IMS97_1A_pos.imzML;14;145;733
Plexo_Positivo;Plexo_1_2_3_4_5_6_7_8_9_10_pos_20160218_IMS97_1A_pos.imzML;14;146;734
Plexo_Positivo;Plexo_1_2_3_4_5_6_7_8_9_10_pos_20160218_IMS97_1A_pos.imzML;14;150;735
Plexo_Positivo;Plexo_1_2_3_4_5_6_7_8_9_10_pos_20160218_IMS97_1A_pos.imzML;14;153;736
Plexo_Positivo;Plexo_1_2_3_4_5_6_7_8_9_10_pos_20160218_IMS97_1A_pos.imzML;14;154;737
Plexo_Positivo;Plexo_1_2_3_4_5_6_7_8_9_10_pos_20160218_IMS97_1A_pos.imzML;14;157;738
Plexo_Positivo;Plexo_1_2_3_4_5_6_7_8_9_10_pos_20160218_IMS97_1A_pos.imzML;14;160;739
Plexo_Positivo;Plexo_1_2_3_4_5_6_7_8_9_10_pos_20160218_IMS97_1A_pos.imzML;14;161;740
Plexo_Positivo;Plexo_1_2_3_4_5_6_7_8_9_10_pos_20160218_IMS97_1A_pos.imzML;14;163;741
Plexo_Positivo;Plexo_1_2_3_4_5_6_7_8_9_10_pos_20160218_IMS97_1A_pos.imzML;14;164;742
Plexo_Positivo;Plexo_1_2_3_4_5_6_7_8_9_10_pos_20160218_IMS97_1A_pos.imzML;14;166;743
Plexo_Positivo;Plexo_1_2_3_4_5_6_7_8_9_10_pos_20160218_IMS97_1A_pos.imzML;14;167;744
Plexo_Positivo;Plexo_1_2_3_4_5_6_7_8_9_10_pos_20160218_IMS97_1A_pos.imzML;14;168;745
Plexo_Positivo;Plexo_1_2_3_4_5_6_7_8_9_10_pos_20160218_IMS97_1A_pos.imzML;14;169;746
Plexo_Positivo;Plexo_1_2_3_4_5_6_7_8_9_10_pos_20160218_IMS97_1A_pos.imzML;14;170;747
Plexo_Positivo;Plexo_1_2_3_4_5_6_7_8_9_10_pos_20160218_IMS97_1A_pos.imzML;14;172;748
Plexo_Positivo;Plexo_1_2_3_4_5_6_7_8_9_10_pos_20160218_IMS97_1A_pos.imzML;14;174;749
Plexo_Positivo;Plexo_1_2_3_4_5_6_7_8_9_10_pos_20160218_IMS97_1A_pos.imzML;14;175;750
Plexo_Positivo;Plexo_1_2_3_4_5_6_7_8_9_10_pos_20160218_IMS97_1A_pos.imzML;14;179;751
Plexo_Positivo;Plexo_1_2_3_4_5_6_7_8_9_10_pos_20160218_IMS97_1A_pos.imzML;14;181;752
Plexo_Positivo;Plexo_1_2_3_4_5_6_7_8_9_10_pos_20160218_IMS97_1A_pos.imzML;14;183;753
Plexo_Positivo;Plexo_1_2_3_4_5_6_7_8_9_10_pos_20160218_IMS97_1A_pos.imzML;14;186;754
Plexo_Positivo;Plexo_1_2_3_4_5_6_7_8_9_10_pos_20160218_IMS97_1A_pos.imzML;14;187;755
Plexo_Positivo;Plexo_1_2_3_4_5_6_7_8_9_10_pos_20160218_IMS97_1A_pos.imzML;14;189;756
Plexo_Positivo;Plexo_1_2_3_4_5_6_7_8_9_10_pos_20160218_IMS97_1A_pos.imzML;14;191;757
Plexo_Positivo;Plexo_1_2_3_4_5_6_7_8_9_10_pos_20160218_IMS97_1A_pos.imzML;14;199;758
Plexo_Positivo;Plexo_1_2_3_4_5_6_7_8_9_10_pos_20160218_IMS97_1A_pos.imzML;14;200;759
Plexo_Positivo;Plexo_1_2_3_4_5_6_7_8_9_10_pos_20160218_IMS97_1A_pos.imzML;14;202;760
Plexo_Positivo;Plexo_1_2_3_4_5_6_7_8_9_10_pos_20160218_IMS97_1A_pos.imzML;14;203;761
Plexo_Positivo;Plexo_1_2_3_4_5_6_7_8_9_10_pos_20160218_IMS97_1A_pos.imzML;14;204;762
Plexo_Positivo;Plexo_1_2_3_4_5_6_7_8_9_10_pos_20160218_IMS97_1A_pos.imzML;14;205;763
Plexo_Positivo;Plexo_1_2_3_4_5_6_7_8_9_10_pos_20160218_IMS97_1A_pos.imzML;14;207;764
Plexo_Positivo;Plexo_1_2_3_4_5_6_7_8_9_10_pos_20160218_IMS97_1A_pos.imzML;14;208;765
Plexo_Positivo;Plexo_1_2_3_4_5_6_7_8_9_10_pos_20160218_IMS97_1A_pos.imzML;14;209;766
Plexo_Positivo;Plexo_1_2_3_4_5_6_7_8_9_10_pos_20160218_IMS97_1A_pos.imzML;15;126;767
Plexo_Positivo;Plexo_1_2_3_4_5_6_7_8_9_10_pos_20160218_IMS97_1A_pos.imzML;15;130;768
Plexo_Positivo;Plexo_1_2_3_4_5_6_7_8_9_10_pos_20160218_IMS97_1A_pos.imzML;15;131;769
Plexo_Positivo;Plexo_1_2_3_4_5_6_7_8_9_10_pos_20160218_IMS97_1A_pos.imzML;15;135;770
Plexo_Positivo;Plexo_1_2_3_4_5_6_7_8_9_10_pos_20160218_IMS97_1A_pos.imzML;15;138;771
Plexo_Positivo;Plexo_1_2_3_4_5_6_7_8_9_10_pos_20160218_IMS97_1A_pos.imzML;15;140;772
Plexo_Positivo;Plexo_1_2_3_4_5_6_7_8_9_10_pos_20160218_IMS97_1A_pos.imzML;15;143;773
Plexo_Positivo;Plexo_1_2_3_4_5_6_7_8_9_10_pos_20160218_IMS97_1A_pos.imzML;15;144;774
Plexo_Positivo;Plexo_1_2_3_4_5_6_7_8_9_10_pos_20160218_IMS97_1A_pos.imzML;15;147;775
Plexo_Positivo;Plexo_1_2_3_4_5_6_7_8_9_10_pos_20160218_IMS97_1A_pos.imzML;15;149;776
Plexo_Positivo;Plexo_1_2_3_4_5_6_7_8_9_10_pos_20160218_IMS97_1A_pos.imzML;15;150;777
Plexo_Positivo;Plexo_1_2_3_4_5_6_7_8_9_10_pos_20160218_IMS97_1A_pos.imzML;15;154;778
Plexo_Positivo;Plexo_1_2_3_4_5_6_7_8_9_10_pos_20160218_IMS97_1A_pos.imzML;15;155;779
Plexo_Positivo;Plexo_1_2_3_4_5_6_7_8_9_10_pos_20160218_IMS97_1A_pos.imzML;15;156;780
Plexo_Positivo;Plexo_1_2_3_4_5_6_7_8_9_10_pos_20160218_IMS97_1A_pos.imzML;15;170;781
Plexo_Positivo;Plexo_1_2_3_4_5_6_7_8_9_10_pos_20160218_IMS97_1A_pos.imzML;15;171;782
Plexo_Positivo;Plexo_1_2_3_4_5_6_7_8_9_10_pos_20160218_IMS97_1A_pos.imzML;15;172;783
Plexo_Positivo;Plexo_1_2_3_4_5_6_7_8_9_10_pos_20160218_IMS97_1A_pos.imzML;15;173;784
Plexo_Positivo;Plexo_1_2_3_4_5_6_7_8_9_10_pos_20160218_IMS97_1A_pos.imzML;15;178;785
Plexo_Positivo;Plexo_1_2_3_4_5_6_7_8_9_10_pos_20160218_IMS97_1A_pos.imzML;15;179;786
Plexo_Positivo;Plexo_1_2_3_4_5_6_7_8_9_10_pos_20160218_IMS97_1A_pos.imzML;15;181;787
Plexo_Positivo;Plexo_1_2_3_4_5_6_7_8_9_10_pos_20160218_IMS97_1A_pos.imzML;15;184;788
Plexo_Positivo;Plexo_1_2_3_4_5_6_7_8_9_10_pos_20160218_IMS97_1A_pos.imzML;15;185;789
Plexo_Positivo;Plexo_1_2_3_4_5_6_7_8_9_10_pos_20160218_IMS97_1A_pos.imzML;15;186;790
Plexo_Positivo;Plexo_1_2_3_4_5_6_7_8_9_10_pos_20160218_IMS97_1A_pos.imzML;15;187;791
Plexo_Positivo;Plexo_1_2_3_4_5_6_7_8_9_10_pos_20160218_IMS97_1A_pos.imzML;15;190;792
Plexo_Positivo;Plexo_1_2_3_4_5_6_7_8_9_10_pos_20160218_IMS97_1A_pos.imzML;15;193;793
Plexo_Positivo;Plexo_1_2_3_4_5_6_7_8_9_10_pos_20160218_IMS97_1A_pos.imzML;15;198;794
Plexo_Positivo;Plexo_1_2_3_4_5_6_7_8_9_10_pos_20160218_IMS97_1A_pos.imzML;15;200;795
Plexo_Positivo;Plexo_1_2_3_4_5_6_7_8_9_10_pos_20160218_IMS97_1A_pos.imzML;15;201;796
Plexo_Positivo;Plexo_1_2_3_4_5_6_7_8_9_10_pos_20160218_IMS97_1A_pos.imzML;15;204;797
Plexo_Positivo;Plexo_1_2_3_4_5_6_7_8_9_10_pos_20160218_IMS97_1A_pos.imzML;15;207;798
Plexo_Positivo;Plexo_1_2_3_4_5_6_7_8_9_10_pos_20160218_IMS97_1A_pos.imzML;15;209;799
Plexo_Positivo;Plexo_1_2_3_4_5_6_7_8_9_10_pos_20160218_IMS97_1A_pos.imzML;16;126;800
Plexo_Positivo;Plexo_1_2_3_4_5_6_7_8_9_10_pos_20160218_IMS97_1A_pos.imzML;16;128;801
Plexo_Positivo;Plexo_1_2_3_4_5_6_7_8_9_10_pos_20160218_IMS97_1A_pos.imzML;16;129;802
Plexo_Positivo;Plexo_1_2_3_4_5_6_7_8_9_10_pos_20160218_IMS97_1A_pos.imzML;16;131;803
Plexo_Positivo;Plexo_1_2_3_4_5_6_7_8_9_10_pos_20160218_IMS97_1A_pos.imzML;16;133;804
Plexo_Positivo;Plexo_1_2_3_4_5_6_7_8_9_10_pos_20160218_IMS97_1A_pos.imzML;16;140;805
Plexo_Positivo;Plexo_1_2_3_4_5_6_7_8_9_10_pos_20160218_IMS97_1A_pos.imzML;16;141;806
Plexo_Positivo;Plexo_1_2_3_4_5_6_7_8_9_10_pos_20160218_IMS97_1A_pos.imzML;16;142;807
Plexo_Positivo;Plexo_1_2_3_4_5_6_7_8_9_10_pos_20160218_IMS97_1A_pos.imzML;16;143;808
Plexo_Positivo;Plexo_1_2_3_4_5_6_7_8_9_10_pos_20160218_IMS97_1A_pos.imzML;16;144;809
Plexo_Positivo;Plexo_1_2_3_4_5_6_7_8_9_10_pos_20160218_IMS97_1A_pos.imzML;16;147;810
Plexo_Positivo;Plexo_1_2_3_4_5_6_7_8_9_10_pos_20160218_IMS97_1A_pos.imzML;16;150;811
Plexo_Positivo;Plexo_1_2_3_4_5_6_7_8_9_10_pos_20160218_IMS97_1A_pos.imzML;16;151;812
Plexo_Positivo;Plexo_1_2_3_4_5_6_7_8_9_10_pos_20160218_IMS97_1A_pos.imzML;16;156;813
Plexo_Positivo;Plexo_1_2_3_4_5_6_7_8_9_10_pos_20160218_IMS97_1A_pos.imzML;16;162;814
Plexo_Positivo;Plexo_1_2_3_4_5_6_7_8_9_10_pos_20160218_IMS97_1A_pos.imzML;16;163;815
Plexo_Positivo;Plexo_1_2_3_4_5_6_7_8_9_10_pos_20160218_IMS97_1A_pos.imzML;16;165;816
Plexo_Positivo;Plexo_1_2_3_4_5_6_7_8_9_10_pos_20160218_IMS97_1A_pos.imzML;16;167;817
Plexo_Positivo;Plexo_1_2_3_4_5_6_7_8_9_10_pos_20160218_IMS97_1A_pos.imzML;16;169;818
Plexo_Positivo;Plexo_1_2_3_4_5_6_7_8_9_10_pos_20160218_IMS97_1A_pos.imzML;16;170;819
Plexo_Positivo;Plexo_1_2_3_4_5_6_7_8_9_10_pos_20160218_IMS97_1A_pos.imzML;16;172;820
Plexo_Positivo;Plexo_1_2_3_4_5_6_7_8_9_10_pos_20160218_IMS97_1A_pos.imzML;16;173;821
Plexo_Positivo;Plexo_1_2_3_4_5_6_7_8_9_10_pos_20160218_IMS97_1A_pos.imzML;16;174;822
Plexo_Positivo;Plexo_1_2_3_4_5_6_7_8_9_10_pos_20160218_IMS97_1A_pos.imzML;16;180;823
Plexo_Positivo;Plexo_1_2_3_4_5_6_7_8_9_10_pos_20160218_IMS97_1A_pos.imzML;16;181;824
Plexo_Positivo;Plexo_1_2_3_4_5_6_7_8_9_10_pos_20160218_IMS97_1A_pos.imzML;16;182;825
Plexo_Positivo;Plexo_1_2_3_4_5_6_7_8_9_10_pos_20160218_IMS97_1A_pos.imzML;16;183;826
Plexo_Positivo;Plexo_1_2_3_4_5_6_7_8_9_10_pos_20160218_IMS97_1A_pos.imzML;16;187;827
Plexo_Positivo;Plexo_1_2_3_4_5_6_7_8_9_10_pos_20160218_IMS97_1A_pos.imzML;16;189;828
Plexo_Positivo;Plexo_1_2_3_4_5_6_7_8_9_10_pos_20160218_IMS97_1A_pos.imzML;16;191;829
Plexo_Positivo;Plexo_1_2_3_4_5_6_7_8_9_10_pos_20160218_IMS97_1A_pos.imzML;16;195;830
Plexo_Positivo;Plexo_1_2_3_4_5_6_7_8_9_10_pos_20160218_IMS97_1A_pos.imzML;16;197;831
Plexo_Positivo;Plexo_1_2_3_4_5_6_7_8_9_10_pos_20160218_IMS97_1A_pos.imzML;16;199;832
Plexo_Positivo;Plexo_1_2_3_4_5_6_7_8_9_10_pos_20160218_IMS97_1A_pos.imzML;16;202;833
Plexo_Positivo;Plexo_1_2_3_4_5_6_7_8_9_10_pos_20160218_IMS97_1A_pos.imzML;16;203;834
Plexo_Positivo;Plexo_1_2_3_4_5_6_7_8_9_10_pos_20160218_IMS97_1A_pos.imzML;16;207;835
Plexo_Positivo;Plexo_1_2_3_4_5_6_7_8_9_10_pos_20160218_IMS97_1A_pos.imzML;16;209;836
Plexo_Positivo;Plexo_1_2_3_4_5_6_7_8_9_10_pos_20160218_IMS97_1A_pos.imzML;17;129;837
Plexo_Positivo;Plexo_1_2_3_4_5_6_7_8_9_10_pos_20160218_IMS97_1A_pos.imzML;17;133;838
Plexo_Positivo;Plexo_1_2_3_4_5_6_7_8_9_10_pos_20160218_IMS97_1A_pos.imzML;17;141;839
Plexo_Positivo;Plexo_1_2_3_4_5_6_7_8_9_10_pos_20160218_IMS97_1A_pos.imzML;17;142;840
Plexo_Positivo;Plexo_1_2_3_4_5_6_7_8_9_10_pos_20160218_IMS97_1A_pos.imzML;17;143;841
Plexo_Positivo;Plexo_1_2_3_4_5_6_7_8_9_10_pos_20160218_IMS97_1A_pos.imzML;17;144;842
Plexo_Positivo;Plexo_1_2_3_4_5_6_7_8_9_10_pos_20160218_IMS97_1A_pos.imzML;17;145;843
Plexo_Positivo;Plexo_1_2_3_4_5_6_7_8_9_10_pos_20160218_IMS97_1A_pos.imzML;17;147;844
Plexo_Positivo;Plexo_1_2_3_4_5_6_7_8_9_10_pos_20160218_IMS97_1A_pos.imzML;17;148;845
Plexo_Positivo;Plexo_1_2_3_4_5_6_7_8_9_10_pos_20160218_IMS97_1A_pos.imzML;17;149;846
Plexo_Positivo;Plexo_1_2_3_4_5_6_7_8_9_10_pos_20160218_IMS97_1A_pos.imzML;17;151;847
Plexo_Positivo;Plexo_1_2_3_4_5_6_7_8_9_10_pos_20160218_IMS97_1A_pos.imzML;17;152;848
Plexo_Positivo;Plexo_1_2_3_4_5_6_7_8_9_10_pos_20160218_IMS97_1A_pos.imzML;17;153;849
Plexo_Positivo;Plexo_1_2_3_4_5_6_7_8_9_10_pos_20160218_IMS97_1A_pos.imzML;17;155;850
Plexo_Positivo;Plexo_1_2_3_4_5_6_7_8_9_10_pos_20160218_IMS97_1A_pos.imzML;17;159;851
Plexo_Positivo;Plexo_1_2_3_4_5_6_7_8_9_10_pos_20160218_IMS97_1A_pos.imzML;17;160;852
Plexo_Positivo;Plexo_1_2_3_4_5_6_7_8_9_10_pos_20160218_IMS97_1A_pos.imzML;17;161;853
Plexo_Positivo;Plexo_1_2_3_4_5_6_7_8_9_10_pos_20160218_IMS97_1A_pos.imzML;17;163;854
Plexo_Positivo;Plexo_1_2_3_4_5_6_7_8_9_10_pos_20160218_IMS97_1A_pos.imzML;17;164;855
Plexo_Positivo;Plexo_1_2_3_4_5_6_7_8_9_10_pos_20160218_IMS97_1A_pos.imzML;17;167;856
Plexo_Positivo;Plexo_1_2_3_4_5_6_7_8_9_10_pos_20160218_IMS97_1A_pos.imzML;17;168;857
Plexo_Positivo;Plexo_1_2_3_4_5_6_7_8_9_10_pos_20160218_IMS97_1A_pos.imzML;17;170;858
Plexo_Positivo;Plexo_1_2_3_4_5_6_7_8_9_10_pos_20160218_IMS97_1A_pos.imzML;17;171;859
Plexo_Positivo;Plexo_1_2_3_4_5_6_7_8_9_10_pos_20160218_IMS97_1A_pos.imzML;17;172;860
Plexo_Positivo;Plexo_1_2_3_4_5_6_7_8_9_10_pos_20160218_IMS97_1A_pos.imzML;17;173;861
Plexo_Positivo;Plexo_1_2_3_4_5_6_7_8_9_10_pos_20160218_IMS97_1A_pos.imzML;17;176;862
Plexo_Positivo;Plexo_1_2_3_4_5_6_7_8_9_10_pos_20160218_IMS97_1A_pos.imzML;17;179;863
Plexo_Positivo;Plexo_1_2_3_4_5_6_7_8_9_10_pos_20160218_IMS97_1A_pos.imzML;17;180;864
Plexo_Positivo;Plexo_1_2_3_4_5_6_7_8_9_10_pos_20160218_IMS97_1A_pos.imzML;17;182;865
Plexo_Positivo;Plexo_1_2_3_4_5_6_7_8_9_10_pos_20160218_IMS97_1A_pos.imzML;17;183;866
Plexo_Positivo;Plexo_1_2_3_4_5_6_7_8_9_10_pos_20160218_IMS97_1A_pos.imzML;17;184;867
Plexo_Positivo;Plexo_1_2_3_4_5_6_7_8_9_10_pos_20160218_IMS97_1A_pos.imzML;17;187;868
Plexo_Positivo;Plexo_1_2_3_4_5_6_7_8_9_10_pos_20160218_IMS97_1A_pos.imzML;17;188;869
Plexo_Positivo;Plexo_1_2_3_4_5_6_7_8_9_10_pos_20160218_IMS97_1A_pos.imzML;17;190;870
Plexo_Positivo;Plexo_1_2_3_4_5_6_7_8_9_10_pos_20160218_IMS97_1A_pos.imzML;17;191;871
Plexo_Positivo;Plexo_1_2_3_4_5_6_7_8_9_10_pos_20160218_IMS97_1A_pos.imzML;17;192;872
Plexo_Positivo;Plexo_1_2_3_4_5_6_7_8_9_10_pos_20160218_IMS97_1A_pos.imzML;17;194;873
Plexo_Positivo;Plexo_1_2_3_4_5_6_7_8_9_10_pos_20160218_IMS97_1A_pos.imzML;17;195;874
Plexo_Positivo;Plexo_1_2_3_4_5_6_7_8_9_10_pos_20160218_IMS97_1A_pos.imzML;17;200;875
Plexo_Positivo;Plexo_1_2_3_4_5_6_7_8_9_10_pos_20160218_IMS97_1A_pos.imzML;17;201;876
Plexo_Positivo;Plexo_1_2_3_4_5_6_7_8_9_10_pos_20160218_IMS97_1A_pos.imzML;17;202;877
Plexo_Positivo;Plexo_1_2_3_4_5_6_7_8_9_10_pos_20160218_IMS97_1A_pos.imzML;17;204;878
Plexo_Positivo;Plexo_1_2_3_4_5_6_7_8_9_10_pos_20160218_IMS97_1A_pos.imzML;17;207;879
Plexo_Positivo;Plexo_1_2_3_4_5_6_7_8_9_10_pos_20160218_IMS97_1A_pos.imzML;17;208;880
Plexo_Positivo;Plexo_1_2_3_4_5_6_7_8_9_10_pos_20160218_IMS97_1A_pos.imzML;17;209;881
Plexo_Positivo;Plexo_1_2_3_4_5_6_7_8_9_10_pos_20160218_IMS97_1A_pos.imzML;18;127;882
Plexo_Positivo;Plexo_1_2_3_4_5_6_7_8_9_10_pos_20160218_IMS97_1A_pos.imzML;18;134;883
Plexo_Positivo;Plexo_1_2_3_4_5_6_7_8_9_10_pos_20160218_IMS97_1A_pos.imzML;18;135;884
Plexo_Positivo;Plexo_1_2_3_4_5_6_7_8_9_10_pos_20160218_IMS97_1A_pos.imzML;18;136;885
Plexo_Positivo;Plexo_1_2_3_4_5_6_7_8_9_10_pos_20160218_IMS97_1A_pos.imzML;18;141;886
Plexo_Positivo;Plexo_1_2_3_4_5_6_7_8_9_10_pos_20160218_IMS97_1A_pos.imzML;18;142;887
Plexo_Positivo;Plexo_1_2_3_4_5_6_7_8_9_10_pos_20160218_IMS97_1A_pos.imzML;18;144;888
Plexo_Positivo;Plexo_1_2_3_4_5_6_7_8_9_10_pos_20160218_IMS97_1A_pos.imzML;18;146;889
Plexo_Positivo;Plexo_1_2_3_4_5_6_7_8_9_10_pos_20160218_IMS97_1A_pos.imzML;18;147;890
Plexo_Positivo;Plexo_1_2_3_4_5_6_7_8_9_10_pos_20160218_IMS97_1A_pos.imzML;18;148;891
Plexo_Positivo;Plexo_1_2_3_4_5_6_7_8_9_10_pos_20160218_IMS97_1A_pos.imzML;18;149;892
Plexo_Positivo;Plexo_1_2_3_4_5_6_7_8_9_10_pos_20160218_IMS97_1A_pos.imzML;18;154;893
Plexo_Positivo;Plexo_1_2_3_4_5_6_7_8_9_10_pos_20160218_IMS97_1A_pos.imzML;18;158;894
Plexo_Positivo;Plexo_1_2_3_4_5_6_7_8_9_10_pos_20160218_IMS97_1A_pos.imzML;18;161;895
Plexo_Positivo;Plexo_1_2_3_4_5_6_7_8_9_10_pos_20160218_IMS97_1A_pos.imzML;18;162;896
Plexo_Positivo;Plexo_1_2_3_4_5_6_7_8_9_10_pos_20160218_IMS97_1A_pos.imzML;18;164;897
Plexo_Positivo;Plexo_1_2_3_4_5_6_7_8_9_10_pos_20160218_IMS97_1A_pos.imzML;18;167;898
Plexo_Positivo;Plexo_1_2_3_4_5_6_7_8_9_10_pos_20160218_IMS97_1A_pos.imzML;18;171;899
Plexo_Positivo;Plexo_1_2_3_4_5_6_7_8_9_10_pos_20160218_IMS97_1A_pos.imzML;18;172;900
Plexo_Positivo;Plexo_1_2_3_4_5_6_7_8_9_10_pos_20160218_IMS97_1A_pos.imzML;18;173;901
Plexo_Positivo;Plexo_1_2_3_4_5_6_7_8_9_10_pos_20160218_IMS97_1A_pos.imzML;18;174;902
Plexo_Positivo;Plexo_1_2_3_4_5_6_7_8_9_10_pos_20160218_IMS97_1A_pos.imzML;18;175;903
Plexo_Positivo;Plexo_1_2_3_4_5_6_7_8_9_10_pos_20160218_IMS97_1A_pos.imzML;18;176;904
Plexo_Positivo;Plexo_1_2_3_4_5_6_7_8_9_10_pos_20160218_IMS97_1A_pos.imzML;18;177;905
Plexo_Positivo;Plexo_1_2_3_4_5_6_7_8_9_10_pos_20160218_IMS97_1A_pos.imzML;18;179;906
Plexo_Positivo;Plexo_1_2_3_4_5_6_7_8_9_10_pos_20160218_IMS97_1A_pos.imzML;18;182;907
Plexo_Positivo;Plexo_1_2_3_4_5_6_7_8_9_10_pos_20160218_IMS97_1A_pos.imzML;18;184;908
Plexo_Positivo;Plexo_1_2_3_4_5_6_7_8_9_10_pos_20160218_IMS97_1A_pos.imzML;18;185;909
Plexo_Positivo;Plexo_1_2_3_4_5_6_7_8_9_10_pos_20160218_IMS97_1A_pos.imzML;18;186;910
Plexo_Positivo;Plexo_1_2_3_4_5_6_7_8_9_10_pos_20160218_IMS97_1A_pos.imzML;18;187;911
Plexo_Positivo;Plexo_1_2_3_4_5_6_7_8_9_10_pos_20160218_IMS97_1A_pos.imzML;18;188;912
Plexo_Positivo;Plexo_1_2_3_4_5_6_7_8_9_10_pos_20160218_IMS97_1A_pos.imzML;18;193;913
Plexo_Positivo;Plexo_1_2_3_4_5_6_7_8_9_10_pos_20160218_IMS97_1A_pos.imzML;18;196;914
Plexo_Positivo;Plexo_1_2_3_4_5_6_7_8_9_10_pos_20160218_IMS97_1A_pos.imzML;18;199;915
Plexo_Positivo;Plexo_1_2_3_4_5_6_7_8_9_10_pos_20160218_IMS97_1A_pos.imzML;18;203;916
Plexo_Positivo;Plexo_1_2_3_4_5_6_7_8_9_10_pos_20160218_IMS97_1A_pos.imzML;18;204;917
Plexo_Positivo;Plexo_1_2_3_4_5_6_7_8_9_10_pos_20160218_IMS97_1A_pos.imzML;18;206;918
Plexo_Positivo;Plexo_1_2_3_4_5_6_7_8_9_10_pos_20160218_IMS97_1A_pos.imzML;18;207;919
Plexo_Positivo;Plexo_1_2_3_4_5_6_7_8_9_10_pos_20160218_IMS97_1A_pos.imzML;18;209;920
Plexo_Positivo;Plexo_1_2_3_4_5_6_7_8_9_10_pos_20160218_IMS97_1A_pos.imzML;19;130;921
Plexo_Positivo;Plexo_1_2_3_4_5_6_7_8_9_10_pos_20160218_IMS97_1A_pos.imzML;19;137;922
Plexo_Positivo;Plexo_1_2_3_4_5_6_7_8_9_10_pos_20160218_IMS97_1A_pos.imzML;19;138;923
Plexo_Positivo;Plexo_1_2_3_4_5_6_7_8_9_10_pos_20160218_IMS97_1A_pos.imzML;19;140;924
Plexo_Positivo;Plexo_1_2_3_4_5_6_7_8_9_10_pos_20160218_IMS97_1A_pos.imzML;19;143;925
Plexo_Positivo;Plexo_1_2_3_4_5_6_7_8_9_10_pos_20160218_IMS97_1A_pos.imzML;19;144;926
Plexo_Positivo;Plexo_1_2_3_4_5_6_7_8_9_10_pos_20160218_IMS97_1A_pos.imzML;19;147;927
Plexo_Positivo;Plexo_1_2_3_4_5_6_7_8_9_10_pos_20160218_IMS97_1A_pos.imzML;19;148;928
Plexo_Positivo;Plexo_1_2_3_4_5_6_7_8_9_10_pos_20160218_IMS97_1A_pos.imzML;19;151;929
Plexo_Positivo;Plexo_1_2_3_4_5_6_7_8_9_10_pos_20160218_IMS97_1A_pos.imzML;19;153;930
Plexo_Positivo;Plexo_1_2_3_4_5_6_7_8_9_10_pos_20160218_IMS97_1A_pos.imzML;19;155;931
Plexo_Positivo;Plexo_1_2_3_4_5_6_7_8_9_10_pos_20160218_IMS97_1A_pos.imzML;19;156;932
Plexo_Positivo;Plexo_1_2_3_4_5_6_7_8_9_10_pos_20160218_IMS97_1A_pos.imzML;19;161;933
Plexo_Positivo;Plexo_1_2_3_4_5_6_7_8_9_10_pos_20160218_IMS97_1A_pos.imzML;19;163;934
Plexo_Positivo;Plexo_1_2_3_4_5_6_7_8_9_10_pos_20160218_IMS97_1A_pos.imzML;19;164;935
Plexo_Positivo;Plexo_1_2_3_4_5_6_7_8_9_10_pos_20160218_IMS97_1A_pos.imzML;19;170;936
Plexo_Positivo;Plexo_1_2_3_4_5_6_7_8_9_10_pos_20160218_IMS97_1A_pos.imzML;19;171;937
Plexo_Positivo;Plexo_1_2_3_4_5_6_7_8_9_10_pos_20160218_IMS97_1A_pos.imzML;19;172;938
Plexo_Positivo;Plexo_1_2_3_4_5_6_7_8_9_10_pos_20160218_IMS97_1A_pos.imzML;19;180;939
Plexo_Positivo;Plexo_1_2_3_4_5_6_7_8_9_10_pos_20160218_IMS97_1A_pos.imzML;19;182;940
Plexo_Positivo;Plexo_1_2_3_4_5_6_7_8_9_10_pos_20160218_IMS97_1A_pos.imzML;19;183;941
Plexo_Positivo;Plexo_1_2_3_4_5_6_7_8_9_10_pos_20160218_IMS97_1A_pos.imzML;19;184;942
Plexo_Positivo;Plexo_1_2_3_4_5_6_7_8_9_10_pos_20160218_IMS97_1A_pos.imzML;19;186;943
Plexo_Positivo;Plexo_1_2_3_4_5_6_7_8_9_10_pos_20160218_IMS97_1A_pos.imzML;19;187;944
Plexo_Positivo;Plexo_1_2_3_4_5_6_7_8_9_10_pos_20160218_IMS97_1A_pos.imzML;19;188;945
Plexo_Positivo;Plexo_1_2_3_4_5_6_7_8_9_10_pos_20160218_IMS97_1A_pos.imzML;19;190;946
Plexo_Positivo;Plexo_1_2_3_4_5_6_7_8_9_10_pos_20160218_IMS97_1A_pos.imzML;19;194;947
Plexo_Positivo;Plexo_1_2_3_4_5_6_7_8_9_10_pos_20160218_IMS97_1A_pos.imzML;19;200;948
Plexo_Positivo;Plexo_1_2_3_4_5_6_7_8_9_10_pos_20160218_IMS97_1A_pos.imzML;19;202;949
Plexo_Positivo;Plexo_1_2_3_4_5_6_7_8_9_10_pos_20160218_IMS97_1A_pos.imzML;19;203;950
Plexo_Positivo;Plexo_1_2_3_4_5_6_7_8_9_10_pos_20160218_IMS97_1A_pos.imzML;19;206;951
Plexo_Positivo;Plexo_1_2_3_4_5_6_7_8_9_10_pos_20160218_IMS97_1A_pos.imzML;20;126;952
Plexo_Positivo;Plexo_1_2_3_4_5_6_7_8_9_10_pos_20160218_IMS97_1A_pos.imzML;20;132;953
Plexo_Positivo;Plexo_1_2_3_4_5_6_7_8_9_10_pos_20160218_IMS97_1A_pos.imzML;20;134;954
Plexo_Positivo;Plexo_1_2_3_4_5_6_7_8_9_10_pos_20160218_IMS97_1A_pos.imzML;20;136;955
Plexo_Positivo;Plexo_1_2_3_4_5_6_7_8_9_10_pos_20160218_IMS97_1A_pos.imzML;20;137;956
Plexo_Positivo;Plexo_1_2_3_4_5_6_7_8_9_10_pos_20160218_IMS97_1A_pos.imzML;20;140;957
Plexo_Positivo;Plexo_1_2_3_4_5_6_7_8_9_10_pos_20160218_IMS97_1A_pos.imzML;20;141;958
Plexo_Positivo;Plexo_1_2_3_4_5_6_7_8_9_10_pos_20160218_IMS97_1A_pos.imzML;20;142;959
Plexo_Positivo;Plexo_1_2_3_4_5_6_7_8_9_10_pos_20160218_IMS97_1A_pos.imzML;20;143;960
Plexo_Positivo;Plexo_1_2_3_4_5_6_7_8_9_10_pos_20160218_IMS97_1A_pos.imzML;20;144;961
Plexo_Positivo;Plexo_1_2_3_4_5_6_7_8_9_10_pos_20160218_IMS97_1A_pos.imzML;20;149;962
Plexo_Positivo;Plexo_1_2_3_4_5_6_7_8_9_10_pos_20160218_IMS97_1A_pos.imzML;20;150;963
Plexo_Positivo;Plexo_1_2_3_4_5_6_7_8_9_10_pos_20160218_IMS97_1A_pos.imzML;20;153;964
Plexo_Positivo;Plexo_1_2_3_4_5_6_7_8_9_10_pos_20160218_IMS97_1A_pos.imzML;20;155;965
Plexo_Positivo;Plexo_1_2_3_4_5_6_7_8_9_10_pos_20160218_IMS97_1A_pos.imzML;20;157;966
Plexo_Positivo;Plexo_1_2_3_4_5_6_7_8_9_10_pos_20160218_IMS97_1A_pos.imzML;20;160;967
Plexo_Positivo;Plexo_1_2_3_4_5_6_7_8_9_10_pos_20160218_IMS97_1A_pos.imzML;20;162;968
Plexo_Positivo;Plexo_1_2_3_4_5_6_7_8_9_10_pos_20160218_IMS97_1A_pos.imzML;20;163;969
Plexo_Positivo;Plexo_1_2_3_4_5_6_7_8_9_10_pos_20160218_IMS97_1A_pos.imzML;20;164;970
Plexo_Positivo;Plexo_1_2_3_4_5_6_7_8_9_10_pos_20160218_IMS97_1A_pos.imzML;20;165;971
Plexo_Positivo;Plexo_1_2_3_4_5_6_7_8_9_10_pos_20160218_IMS97_1A_pos.imzML;20;166;972
Plexo_Positivo;Plexo_1_2_3_4_5_6_7_8_9_10_pos_20160218_IMS97_1A_pos.imzML;20;172;973
Plexo_Positivo;Plexo_1_2_3_4_5_6_7_8_9_10_pos_20160218_IMS97_1A_pos.imzML;20;173;974
Plexo_Positivo;Plexo_1_2_3_4_5_6_7_8_9_10_pos_20160218_IMS97_1A_pos.imzML;20;174;975
Plexo_Positivo;Plexo_1_2_3_4_5_6_7_8_9_10_pos_20160218_IMS97_1A_pos.imzML;20;175;976
Plexo_Positivo;Plexo_1_2_3_4_5_6_7_8_9_10_pos_20160218_IMS97_1A_pos.imzML;20;177;977
Plexo_Positivo;Plexo_1_2_3_4_5_6_7_8_9_10_pos_20160218_IMS97_1A_pos.imzML;20;178;978
Plexo_Positivo;Plexo_1_2_3_4_5_6_7_8_9_10_pos_20160218_IMS97_1A_pos.imzML;20;179;979
Plexo_Positivo;Plexo_1_2_3_4_5_6_7_8_9_10_pos_20160218_IMS97_1A_pos.imzML;20;180;980
Plexo_Positivo;Plexo_1_2_3_4_5_6_7_8_9_10_pos_20160218_IMS97_1A_pos.imzML;20;181;981
Plexo_Positivo;Plexo_1_2_3_4_5_6_7_8_9_10_pos_20160218_IMS97_1A_pos.imzML;20;182;982
Plexo_Positivo;Plexo_1_2_3_4_5_6_7_8_9_10_pos_20160218_IMS97_1A_pos.imzML;20;183;983
Plexo_Positivo;Plexo_1_2_3_4_5_6_7_8_9_10_pos_20160218_IMS97_1A_pos.imzML;20;186;984
Plexo_Positivo;Plexo_1_2_3_4_5_6_7_8_9_10_pos_20160218_IMS97_1A_pos.imzML;20;189;985
Plexo_Positivo;Plexo_1_2_3_4_5_6_7_8_9_10_pos_20160218_IMS97_1A_pos.imzML;20;190;986
Plexo_Positivo;Plexo_1_2_3_4_5_6_7_8_9_10_pos_20160218_IMS97_1A_pos.imzML;20;191;987
Plexo_Positivo;Plexo_1_2_3_4_5_6_7_8_9_10_pos_20160218_IMS97_1A_pos.imzML;20;192;988
Plexo_Positivo;Plexo_1_2_3_4_5_6_7_8_9_10_pos_20160218_IMS97_1A_pos.imzML;20;193;989
Plexo_Positivo;Plexo_1_2_3_4_5_6_7_8_9_10_pos_20160218_IMS97_1A_pos.imzML;20;194;990
Plexo_Positivo;Plexo_1_2_3_4_5_6_7_8_9_10_pos_20160218_IMS97_1A_pos.imzML;20;196;991
Plexo_Positivo;Plexo_1_2_3_4_5_6_7_8_9_10_pos_20160218_IMS97_1A_pos.imzML;20;198;992
Plexo_Positivo;Plexo_1_2_3_4_5_6_7_8_9_10_pos_20160218_IMS97_1A_pos.imzML;20;199;993
Plexo_Positivo;Plexo_1_2_3_4_5_6_7_8_9_10_pos_20160218_IMS97_1A_pos.imzML;20;201;994
Plexo_Positivo;Plexo_1_2_3_4_5_6_7_8_9_10_pos_20160218_IMS97_1A_pos.imzML;20;205;995
Plexo_Positivo;Plexo_1_2_3_4_5_6_7_8_9_10_pos_20160218_IMS97_1A_pos.imzML;20;206;996
Plexo_Positivo;Plexo_1_2_3_4_5_6_7_8_9_10_pos_20160218_IMS97_1A_pos.imzML;20;207;997
Plexo_Positivo;Plexo_1_2_3_4_5_6_7_8_9_10_pos_20160218_IMS97_1A_pos.imzML;20;208;998
Plexo_Positivo;Plexo_1_2_3_4_5_6_7_8_9_10_pos_20160218_IMS97_1A_pos.imzML;20;209;999
